id_consulta,cpf_paciente,nome_paciente,data_nascimento,sexo,data_consulta,especialidade,cid_diagnostico,descricao_diagnostico,id_medico,nome_medico
80b017a7-d520-4415-9c76-4f7dd1c87311,56870942374,Bruno Ribeiro,1958-11-25,M,2023-02-09,Nutrologia,E66,Obesidade,635e7849-c05c-448f-902a-5930d433e303,Dra. Stella Farias
08992f21-4ec4-496f-a676-6fc3b5f21098,56870942374,Bruno Ribeiro,1958-11-25,M,2023-11-09,Endocrinologia,E66,Obesidade,b43f7643-acd6-4f86-84b2-f2681f935fe8,Mateus Souza
897911b4-8d5e-4890-b184-36a5e960a988,13562497873,Stella Cardoso,1958-01-22,F,2023-03-13,Cardiologia,E11,Diabetes mellitus tipo 2,5df79933-d5a6-40f0-96e9-74131b3028bd,Dr. Lucas Gabriel da Rosa
f92035d9-c038-4493-83e5-49f01f7709f6,13562497873,Stella Cardoso,1958-01-22,F,2023-04-29,Cardiologia,E11,Diabetes mellitus tipo 2,c97b2b9a-1e5d-4318-a715-94ea27f03edf,Luna Melo
0ce925de-104b-44c3-9fe4-d90c34dcb253,61205783407,Davi Nogueira,2000-10-13,M,2023-04-22,Nutrologia,Z00,Consulta de rotina,c97b2b9a-1e5d-4318-a715-94ea27f03edf,Luna Melo
059b90fb-e857-4dbe-9469-09329dfec923,61205783407,Davi Nogueira,2000-10-13,M,2024-09-12,Clinica Geral,R73,Glicemia elevada / Pre-diabetes,635e7849-c05c-448f-902a-5930d433e303,Dra. Stella Farias
935af1f9-0c3e-4fde-9d00-248b5bb8da2f,93461205842,André Sales,1960-10-21,M,2023-02-15,Nutrologia,Z00,Consulta de rotina,5df79933-d5a6-40f0-96e9-74131b3028bd,Dr. Lucas Gabriel da Rosa
19ab3ea6-77eb-4288-8518-13e1190e821a,93461205842,André Sales,1960-10-21,M,2024-03-17,Clinica Geral,E66,Obesidade,b43f7643-acd6-4f86-84b2-f2681f935fe8,Mateus Souza
ae67a13b-8d68-48f7-962c-361f9929887b,93461205842,André Sales,1960-10-21,M,2023-11-04,Cardiologia,Z00,Consulta de rotina,3d60c462-ce2d-4ac1-ab14-0765b867c570,Anthony Sousa
592cc484-ec61-468b-9bfe-6821ab602cff,93461205842,André Sales,1960-10-21,M,2023-05-11,Endocrinologia,E11,Diabetes mellitus tipo 2,8ab61bd6-bc97-456b-885d-7e6c3d26a368,Ester Carvalho
1283bb65-371a-4d80-8e33-bc7dc86146b8,15968723068,Isaac Nunes,1992-10-03,M,2024-09-22,Cardiologia,Z00,Consulta de rotina,ff76edaa-fdba-4334-92ff-2cc005639054,Luigi Dias
3647fd79-9ac8-4e63-a5d4-d8bf8507bc01,15968723068,Isaac Nunes,1992-10-03,M,2023-01-01,Cardiologia,Z00,Consulta de rotina,8ab61bd6-bc97-456b-885d-7e6c3d26a368,Ester Carvalho
a4e2c83e-c8ff-458e-a742-c3f37ecf1d3d,15968723068,Isaac Nunes,1992-10-03,M,2024-03-16,Cardiologia,Z00,Consulta de rotina,8d98d556-575a-4577-8df8-0556a5b1f054,Mateus da Rocha
243549f6-d380-48e3-aee9-7d908363bbf9,15968723068,Isaac Nunes,1992-10-03,M,2024-06-07,Nutrologia,R73,Glicemia elevada / Pre-diabetes,8d98d556-575a-4577-8df8-0556a5b1f054,Mateus da Rocha
b26ad3c1-9993-4516-b632-b27f6751d48d,90785123423,Isis da Costa,1955-12-10,F,2024-11-10,Cardiologia,Z00,Consulta de rotina,8ab61bd6-bc97-456b-885d-7e6c3d26a368,Ester Carvalho
01ed1058-5b9f-45c8-92a6-c33347743b0b,90785123423,Isis da Costa,1955-12-10,F,2024-11-19,Cardiologia,Z00,Consulta de rotina,8d98d556-575a-4577-8df8-0556a5b1f054,Mateus da Rocha
e09bf647-dd57-47a1-9f65-bdb452c2652c,09574681300,Dom Sá,2000-04-13,M,2024-05-01,Clinica Geral,E66,Obesidade,8d98d556-575a-4577-8df8-0556a5b1f054,Mateus da Rocha
c682e879-9ea8-4de3-a9cb-e64d15ed7749,09574681300,Dom Sá,2000-04-13,M,2024-05-21,Nutrologia,E66,Obesidade,635e7849-c05c-448f-902a-5930d433e303,Dra. Stella Farias
c0e682f6-1f3b-4201-8467-53289ab1f98a,01648379575,Lucas Fernandes,1977-05-16,M,2023-04-20,Nutrologia,Z00,Consulta de rotina,c97b2b9a-1e5d-4318-a715-94ea27f03edf,Luna Melo
7969335d-407f-47bf-b986-e898505cc23b,01648379575,Lucas Fernandes,1977-05-16,M,2024-12-13,Nutrologia,Z00,Consulta de rotina,ff76edaa-fdba-4334-92ff-2cc005639054,Luigi Dias
bde9811a-da1c-4b6d-a215-de62417d5ded,39502186702,Igor Jesus,1997-02-25,M,2023-05-17,Nutrologia,Z00,Consulta de rotina,a2819a78-2c03-4911-8b5f-9610e09b9f5e,Alícia Freitas
7bffde5a-fae3-4a0f-b2cb-654a8c6a9d52,34725960152,Noah Alves,1962-10-23,M,2024-05-31,Nutrologia,Z00,Consulta de rotina,53e4503c-ce3f-4c36-911b-0819cd4ce6a2,Lucas Lima
85b95352-44cc-4f59-b08d-531887397386,34725960152,Noah Alves,1962-10-23,M,2024-05-01,Nutrologia,Z00,Consulta de rotina,ff76edaa-fdba-4334-92ff-2cc005639054,Luigi Dias
d6455a5a-0ab6-45d4-9e7c-45066da81053,34725960152,Noah Alves,1962-10-23,M,2024-10-14,Cardiologia,Z00,Consulta de rotina,8d98d556-575a-4577-8df8-0556a5b1f054,Mateus da Rocha
1145e8cd-4b8d-417a-bf31-c09d96bc2b6a,74193680584,Isabela Abreu,1992-10-11,F,2023-08-29,Cardiologia,E66,Obesidade,5df79933-d5a6-40f0-96e9-74131b3028bd,Dr. Lucas Gabriel da Rosa
4e916b91-28e1-4e5f-81b8-b45e7b440757,74193680584,Isabela Abreu,1992-10-11,F,2023-06-04,Endocrinologia,E66,Obesidade,ff76edaa-fdba-4334-92ff-2cc005639054,Luigi Dias
119dde30-4801-4787-ae0b-e9ba7c141d91,74193680584,Isabela Abreu,1992-10-11,F,2024-02-29,Nutrologia,E66,Obesidade,3d60c462-ce2d-4ac1-ab14-0765b867c570,Anthony Sousa
c50cb13a-bed3-44c9-a6b1-4e9999377d69,74193680584,Isabela Abreu,1992-10-11,F,2024-03-06,Nutrologia,E66,Obesidade,8d98d556-575a-4577-8df8-0556a5b1f054,Mateus da Rocha
6594f769-6446-4c0e-a613-f669056922f1,42706195894,Aurora Gomes,1951-08-25,F,2023-01-07,Cardiologia,Z00,Consulta de rotina,a2819a78-2c03-4911-8b5f-9610e09b9f5e,Alícia Freitas
9f6503a7-3262-4414-9f2a-43c8288fc0c6,37950641207,Srta. Pietra Lima,1951-05-15,F,2024-07-05,Endocrinologia,Z00,Consulta de rotina,635e7849-c05c-448f-902a-5930d433e303,Dra. Stella Farias
8784a3ea-a7a5-4095-a358-9185536d2c26,37950641207,Srta. Pietra Lima,1951-05-15,F,2023-10-07,Nutrologia,Z00,Consulta de rotina,8d98d556-575a-4577-8df8-0556a5b1f054,Mateus da Rocha
0bb720ae-543a-40d0-801d-59a90ea68f7c,37950641207,Srta. Pietra Lima,1951-05-15,F,2024-02-03,Cardiologia,Z00,Consulta de rotina,c97b2b9a-1e5d-4318-a715-94ea27f03edf,Luna Melo
04f3dc5b-44ac-4b71-872f-52ad97995daa,07489156211,João Guilherme Martins,1990-03-05,M,2023-05-11,Clinica Geral,Z00,Consulta de rotina,a2819a78-2c03-4911-8b5f-9610e09b9f5e,Alícia Freitas
c9b187c1-3b09-440e-9e49-658076d54db2,07489156211,João Guilherme Martins,1990-03-05,M,2024-07-31,Clinica Geral,Z00,Consulta de rotina,53e4503c-ce3f-4c36-911b-0819cd4ce6a2,Lucas Lima
88724656-fd59-4859-9789-b7c2fbd9de9e,07489156211,João Guilherme Martins,1990-03-05,M,2024-04-17,Endocrinologia,R73,Glicemia elevada / Pre-diabetes,ff76edaa-fdba-4334-92ff-2cc005639054,Luigi Dias
57439448-0402-41b6-b3ec-997e0e227d83,07489156211,João Guilherme Martins,1990-03-05,M,2024-01-24,Cardiologia,Z00,Consulta de rotina,5df79933-d5a6-40f0-96e9-74131b3028bd,Dr. Lucas Gabriel da Rosa
d45ab96d-d07c-486b-92b9-a1da5f10cd9d,40729856356,Maria Sophia Vasconcelos,1985-06-01,F,2023-10-12,Nutrologia,R73,Glicemia elevada / Pre-diabetes,635e7849-c05c-448f-902a-5930d433e303,Dra. Stella Farias
7830241f-2842-429d-bf9d-cd5a9685f915,40729856356,Maria Sophia Vasconcelos,1985-06-01,F,2024-04-26,Clinica Geral,Z00,Consulta de rotina,3d60c462-ce2d-4ac1-ab14-0765b867c570,Anthony Sousa
4b2f5490-f754-410a-a332-6159b7b3a2a0,24357901634,Maya da Mota,1990-10-15,F,2024-10-27,Clinica Geral,Z00,Consulta de rotina,8d98d556-575a-4577-8df8-0556a5b1f054,Mateus da Rocha
6f923524-58d1-44e0-a5d8-c8f4aa4121e9,35214078617,Brayan Cassiano,1978-05-31,M,2023-07-24,Clinica Geral,Z00,Consulta de rotina,8d98d556-575a-4577-8df8-0556a5b1f054,Mateus da Rocha
1490c260-d075-44df-b98f-80717e52c22f,25830697483,Srta. Melissa Pinto,1981-01-18,F,2023-08-12,Nutrologia,E66,Obesidade,53e4503c-ce3f-4c36-911b-0819cd4ce6a2,Lucas Lima
995c4b29-40aa-4cf9-afbf-ff199e16fc8d,25830697483,Srta. Melissa Pinto,1981-01-18,F,2024-09-13,Clinica Geral,E66,Obesidade,53e4503c-ce3f-4c36-911b-0819cd4ce6a2,Lucas Lima
3ad64533-efcc-4937-89b1-223ffcccd82d,47063152807,Igor Cunha,1969-01-14,M,2024-08-15,Clinica Geral,Z00,Consulta de rotina,3d60c462-ce2d-4ac1-ab14-0765b867c570,Anthony Sousa
9dcea1e6-495d-4177-ac88-f93f49f2914b,47063152807,Igor Cunha,1969-01-14,M,2023-07-23,Clinica Geral,Z00,Consulta de rotina,635e7849-c05c-448f-902a-5930d433e303,Dra. Stella Farias
9564eeda-ffe9-48eb-8cad-9cf2d36b2d91,47260895365,Arthur Miguel Andrade,1955-01-18,M,2024-12-01,Clinica Geral,Z00,Consulta de rotina,5df79933-d5a6-40f0-96e9-74131b3028bd,Dr. Lucas Gabriel da Rosa
4565f565-abf1-4640-91b4-3811705b7a0d,47260895365,Arthur Miguel Andrade,1955-01-18,M,2024-06-29,Nutrologia,Z00,Consulta de rotina,b43f7643-acd6-4f86-84b2-f2681f935fe8,Mateus Souza
21916c21-7974-4e3d-aef6-e454df1494d1,18352679040,Emanuelly da Conceição,1971-03-19,F,2024-03-06,Nutrologia,R73,Glicemia elevada / Pre-diabetes,c97b2b9a-1e5d-4318-a715-94ea27f03edf,Luna Melo
0bf6caa2-955f-4b82-97a9-c3c23fecf120,18352679040,Emanuelly da Conceição,1971-03-19,F,2024-01-06,Nutrologia,Z00,Consulta de rotina,635e7849-c05c-448f-902a-5930d433e303,Dra. Stella Farias
744dabbb-e769-43d0-9396-a7d907bf63e1,18352679040,Emanuelly da Conceição,1971-03-19,F,2023-06-30,Cardiologia,Z00,Consulta de rotina,635e7849-c05c-448f-902a-5930d433e303,Dra. Stella Farias
03984f9b-6811-4941-a03c-a8db9468a79c,14980637566,Sara Barros,1998-01-27,F,2024-08-29,Cardiologia,Z00,Consulta de rotina,635e7849-c05c-448f-902a-5930d433e303,Dra. Stella Farias
9cdb27a2-b0af-44c1-821e-79b0ab6e630f,14980637566,Sara Barros,1998-01-27,F,2023-10-13,Nutrologia,R73,Glicemia elevada / Pre-diabetes,3d60c462-ce2d-4ac1-ab14-0765b867c570,Anthony Sousa
b8769dd6-a856-48c7-adee-8e9bb0ea2b4d,14980637566,Sara Barros,1998-01-27,F,2024-09-16,Nutrologia,R73,Glicemia elevada / Pre-diabetes,53e4503c-ce3f-4c36-911b-0819cd4ce6a2,Lucas Lima
c3b63c6b-fd13-4d05-b8dd-2ea29204b7c1,14980637566,Sara Barros,1998-01-27,F,2024-05-21,Cardiologia,Z00,Consulta de rotina,c97b2b9a-1e5d-4318-a715-94ea27f03edf,Luna Melo
a4f890f0-4f66-40ff-b1a3-7a5a5f260591,28041657362,Maysa Dias,1969-04-10,F,2023-12-30,Cardiologia,Z00,Consulta de rotina,8d98d556-575a-4577-8df8-0556a5b1f054,Mateus da Rocha
d255f47b-d36a-4aa4-b4fe-bdf2994462a0,28041657362,Maysa Dias,1969-04-10,F,2024-09-02,Cardiologia,Z00,Consulta de rotina,5df79933-d5a6-40f0-96e9-74131b3028bd,Dr. Lucas Gabriel da Rosa
33424fb0-0667-41fd-ad7d-26804eb36736,45870612390,José Pedro Freitas,1973-01-18,M,2023-09-05,Nutrologia,Z00,Consulta de rotina,3d60c462-ce2d-4ac1-ab14-0765b867c570,Anthony Sousa
3a6efed3-09f5-4b93-81d7-659efeab25ee,32409617506,Antônio das Neves,1965-06-27,M,2024-10-23,Nutrologia,Z00,Consulta de rotina,a2819a78-2c03-4911-8b5f-9610e09b9f5e,Alícia Freitas
6639c781-b30e-41d0-91a8-26cb9b298e8f,32409617506,Antônio das Neves,1965-06-27,M,2023-04-06,Cardiologia,Z00,Consulta de rotina,c97b2b9a-1e5d-4318-a715-94ea27f03edf,Luna Melo
461fa5f9-7675-4488-9912-3b8f7f9da113,32409617506,Antônio das Neves,1965-06-27,M,2024-12-09,Endocrinologia,Z00,Consulta de rotina,635e7849-c05c-448f-902a-5930d433e303,Dra. Stella Farias
f50ec8d2-9e10-43ed-b4fa-2ddaf407990a,32409617506,Antônio das Neves,1965-06-27,M,2024-01-13,Nutrologia,Z00,Consulta de rotina,53e4503c-ce3f-4c36-911b-0819cd4ce6a2,Lucas Lima
81e2296d-ab02-4a02-bc51-3e6d38fe02a2,42670358900,Alexia Pereira,1959-03-20,F,2024-12-20,Nutrologia,E11,Diabetes mellitus tipo 2,b43f7643-acd6-4f86-84b2-f2681f935fe8,Mateus Souza
f8b76012-32e8-42ed-a9df-c28e12facf01,42670358900,Alexia Pereira,1959-03-20,F,2023-05-04,Endocrinologia,R73,Glicemia elevada / Pre-diabetes,8d98d556-575a-4577-8df8-0556a5b1f054,Mateus da Rocha
c8f1d03c-71ac-484b-a404-bc10294b21b4,42670358900,Alexia Pereira,1959-03-20,F,2024-07-02,Endocrinologia,Z00,Consulta de rotina,3d60c462-ce2d-4ac1-ab14-0765b867c570,Anthony Sousa
3779b1a7-d74f-4c24-b0ad-82a597bf925d,04271539643,Sra. Emanuella Freitas,2000-10-16,F,2023-10-11,Cardiologia,Z00,Consulta de rotina,a2819a78-2c03-4911-8b5f-9610e09b9f5e,Alícia Freitas
1499457e-386a-4012-86f5-76e70f097d8b,04271539643,Sra. Emanuella Freitas,2000-10-16,F,2023-10-31,Endocrinologia,Z00,Consulta de rotina,8d98d556-575a-4577-8df8-0556a5b1f054,Mateus da Rocha
9d69e097-2148-42d0-800f-ab3b8c9f806b,18249756355,Arthur Fernandes,1959-06-22,M,2023-02-16,Clinica Geral,E66,Obesidade,5df79933-d5a6-40f0-96e9-74131b3028bd,Dr. Lucas Gabriel da Rosa
c196da38-8252-40e7-ac85-5dc5613ed5b1,18249756355,Arthur Fernandes,1959-06-22,M,2023-04-16,Clinica Geral,E66,Obesidade,a2819a78-2c03-4911-8b5f-9610e09b9f5e,Alícia Freitas
24d2b1b4-13e8-4ff8-b2e9-a9744777d893,18249756355,Arthur Fernandes,1959-06-22,M,2023-07-08,Clinica Geral,E11,Diabetes mellitus tipo 2,b43f7643-acd6-4f86-84b2-f2681f935fe8,Mateus Souza
db371b25-81f1-423e-abd7-799c786485ad,73925681086,Vitor Hugo da Cruz,1976-05-12,M,2023-03-08,Nutrologia,Z00,Consulta de rotina,3d60c462-ce2d-4ac1-ab14-0765b867c570,Anthony Sousa
9cd50df2-2ad5-495b-ab6f-5b224ee621c4,73925681086,Vitor Hugo da Cruz,1976-05-12,M,2024-08-13,Clinica Geral,Z00,Consulta de rotina,3d60c462-ce2d-4ac1-ab14-0765b867c570,Anthony Sousa
df461ec3-dcec-4e63-a937-70c83f981310,73925681086,Vitor Hugo da Cruz,1976-05-12,M,2023-09-12,Clinica Geral,R73,Glicemia elevada / Pre-diabetes,3d60c462-ce2d-4ac1-ab14-0765b867c570,Anthony Sousa
1419b293-31ec-436b-af65-32b6739026b3,92054367125,Sr. Kevin da Cruz,1982-07-11,M,2024-01-25,Nutrologia,Z00,Consulta de rotina,8ab61bd6-bc97-456b-885d-7e6c3d26a368,Ester Carvalho
b05ee5e4-c25a-44d4-93b9-64fe7f28412c,92054367125,Sr. Kevin da Cruz,1982-07-11,M,2024-08-25,Nutrologia,Z00,Consulta de rotina,5df79933-d5a6-40f0-96e9-74131b3028bd,Dr. Lucas Gabriel da Rosa
9f2491eb-b725-4a6c-a401-7d17525c8c85,92054367125,Sr. Kevin da Cruz,1982-07-11,M,2023-04-12,Endocrinologia,R73,Glicemia elevada / Pre-diabetes,53e4503c-ce3f-4c36-911b-0819cd4ce6a2,Lucas Lima
fa1cdf50-b6f3-4a09-b0f5-f01bb1101af7,92054367125,Sr. Kevin da Cruz,1982-07-11,M,2023-06-10,Endocrinologia,E11,Diabetes mellitus tipo 2,3d60c462-ce2d-4ac1-ab14-0765b867c570,Anthony Sousa
4a6dc6ee-fd77-4575-903a-f2bb98a683fb,80792345150,Ana Mendonça,1965-04-17,F,2024-02-23,Nutrologia,Z00,Consulta de rotina,c97b2b9a-1e5d-4318-a715-94ea27f03edf,Luna Melo
935e9ced-126e-4c0c-b134-407219bc2e86,80792345150,Ana Mendonça,1965-04-17,F,2023-02-03,Endocrinologia,Z00,Consulta de rotina,5df79933-d5a6-40f0-96e9-74131b3028bd,Dr. Lucas Gabriel da Rosa
b8231fc0-b479-458c-a530-e721e11e0d36,64173208987,Otto Cavalcanti,1956-10-15,M,2023-03-14,Endocrinologia,Z00,Consulta de rotina,a2819a78-2c03-4911-8b5f-9610e09b9f5e,Alícia Freitas
5aae0bbf-a5cc-413c-906e-d7e737140f76,64173208987,Otto Cavalcanti,1956-10-15,M,2023-04-28,Endocrinologia,Z00,Consulta de rotina,635e7849-c05c-448f-902a-5930d433e303,Dra. Stella Farias
41cab904-5f75-4756-a11f-ab8c36ad4a20,64173208987,Otto Cavalcanti,1956-10-15,M,2023-05-26,Clinica Geral,Z00,Consulta de rotina,5df79933-d5a6-40f0-96e9-74131b3028bd,Dr. Lucas Gabriel da Rosa
ac08e285-2ee9-43d1-921a-5ccd20394eb0,91730428541,Melina Mendes,1989-06-23,F,2023-05-08,Nutrologia,E11,Diabetes mellitus tipo 2,a2819a78-2c03-4911-8b5f-9610e09b9f5e,Alícia Freitas
740b391d-877d-4cf2-bed8-0b81d9123756,84709632103,Sra. Alice Costela,1993-03-04,F,2024-05-27,Nutrologia,Z00,Consulta de rotina,5df79933-d5a6-40f0-96e9-74131b3028bd,Dr. Lucas Gabriel da Rosa
ea65df42-9cef-4f6a-a436-0d2d72004b17,84709632103,Sra. Alice Costela,1993-03-04,F,2024-09-04,Clinica Geral,Z00,Consulta de rotina,3d60c462-ce2d-4ac1-ab14-0765b867c570,Anthony Sousa
b98497a3-bbe1-423c-8277-219eeea07750,84709632103,Sra. Alice Costela,1993-03-04,F,2024-09-10,Cardiologia,Z00,Consulta de rotina,b43f7643-acd6-4f86-84b2-f2681f935fe8,Mateus Souza
c52755de-9497-48da-9039-441bf6dac007,38064792169,Juliana Araújo,1984-09-13,F,2024-08-13,Clinica Geral,E66,Obesidade,5df79933-d5a6-40f0-96e9-74131b3028bd,Dr. Lucas Gabriel da Rosa
c44686a3-9474-4dab-bb14-69f638b9ab12,90152468749,Sabrina Costela,1957-07-08,F,2024-10-29,Nutrologia,Z00,Consulta de rotina,8ab61bd6-bc97-456b-885d-7e6c3d26a368,Ester Carvalho
c10c12c0-ed59-4e95-8364-f3b24f8691fa,90152468749,Sabrina Costela,1957-07-08,F,2024-08-22,Nutrologia,Z00,Consulta de rotina,ff76edaa-fdba-4334-92ff-2cc005639054,Luigi Dias
20c82adf-0cbf-45d4-a455-f9786d915960,87240615901,Vitor Hugo Porto,1958-11-22,M,2023-12-23,Nutrologia,Z00,Consulta de rotina,a2819a78-2c03-4911-8b5f-9610e09b9f5e,Alícia Freitas
1275b555-5ddb-4eba-84cd-85842d85e57b,87240615901,Vitor Hugo Porto,1958-11-22,M,2023-12-04,Nutrologia,E11,Diabetes mellitus tipo 2,ff76edaa-fdba-4334-92ff-2cc005639054,Luigi Dias
af159d19-bbed-4949-98c4-df0811b20aa4,87240615901,Vitor Hugo Porto,1958-11-22,M,2024-07-17,Clinica Geral,Z00,Consulta de rotina,635e7849-c05c-448f-902a-5930d433e303,Dra. Stella Farias
4b24b86c-e973-47cb-ad92-8ff5cdff1d1e,87240615901,Vitor Hugo Porto,1958-11-22,M,2023-11-28,Clinica Geral,R73,Glicemia elevada / Pre-diabetes,5df79933-d5a6-40f0-96e9-74131b3028bd,Dr. Lucas Gabriel da Rosa
faca5959-bdc5-4ff7-8aec-5cec1ba585b3,34671285053,Daniela Barbosa,1970-10-03,F,2024-04-18,Nutrologia,Z00,Consulta de rotina,8ab61bd6-bc97-456b-885d-7e6c3d26a368,Ester Carvalho
ab4922e3-c132-438f-8106-640deb7dbb7a,34671285053,Daniela Barbosa,1970-10-03,F,2024-06-14,Cardiologia,Z00,Consulta de rotina,8d98d556-575a-4577-8df8-0556a5b1f054,Mateus da Rocha
923961d0-3a90-4db5-bece-93a06354282b,34671285053,Daniela Barbosa,1970-10-03,F,2023-02-22,Endocrinologia,Z00,Consulta de rotina,a2819a78-2c03-4911-8b5f-9610e09b9f5e,Alícia Freitas
5940317c-d80e-4ec4-abfe-85492b1959be,34671285053,Daniela Barbosa,1970-10-03,F,2024-03-24,Nutrologia,R73,Glicemia elevada / Pre-diabetes,5df79933-d5a6-40f0-96e9-74131b3028bd,Dr. Lucas Gabriel da Rosa
329a9a12-fa0c-4e5b-afa1-e99d6c9dd411,31748250671,Mathias Silveira,1982-06-04,M,2023-11-15,Clinica Geral,R73,Glicemia elevada / Pre-diabetes,ff76edaa-fdba-4334-92ff-2cc005639054,Luigi Dias
59f33973-389f-4a8f-856f-1d4e2d742bd3,17283504923,Gustavo Cardoso,1963-07-25,M,2023-04-27,Nutrologia,Z00,Consulta de rotina,8d98d556-575a-4577-8df8-0556a5b1f054,Mateus da Rocha
dcf1f7cc-4449-4267-bac3-1f2baef192a0,17283504923,Gustavo Cardoso,1963-07-25,M,2023-10-26,Cardiologia,Z00,Consulta de rotina,a2819a78-2c03-4911-8b5f-9610e09b9f5e,Alícia Freitas
2a7f58d7-da71-4b96-8252-d2ea84166b2a,17283504923,Gustavo Cardoso,1963-07-25,M,2024-04-28,Endocrinologia,Z00,Consulta de rotina,a2819a78-2c03-4911-8b5f-9610e09b9f5e,Alícia Freitas
181ae6ba-f81d-44bd-ab0b-dbd9490b2102,17283504923,Gustavo Cardoso,1963-07-25,M,2023-05-29,Nutrologia,Z00,Consulta de rotina,8ab61bd6-bc97-456b-885d-7e6c3d26a368,Ester Carvalho
2a80989c-4cff-4911-aab5-2e631dcfcc98,90132786478,Dr. João Felipe da Mota,1987-02-11,M,2023-10-10,Nutrologia,Z00,Consulta de rotina,3d60c462-ce2d-4ac1-ab14-0765b867c570,Anthony Sousa
823a8766-d516-4efa-8bef-ba5a42ad6c84,90132786478,Dr. João Felipe da Mota,1987-02-11,M,2023-10-17,Cardiologia,E11,Diabetes mellitus tipo 2,c97b2b9a-1e5d-4318-a715-94ea27f03edf,Luna Melo
461454e2-3f8d-4fa9-9e8b-cf289277a019,68297134040,Laura Pacheco,1955-02-06,F,2024-05-10,Cardiologia,Z00,Consulta de rotina,8ab61bd6-bc97-456b-885d-7e6c3d26a368,Ester Carvalho
b2b0ee07-c40a-4770-9a92-06b0a6e93819,68297134040,Laura Pacheco,1955-02-06,F,2023-11-26,Endocrinologia,E11,Diabetes mellitus tipo 2,a2819a78-2c03-4911-8b5f-9610e09b9f5e,Alícia Freitas
4727b15d-8547-4304-9b35-7a12a2b4c89a,68297134040,Laura Pacheco,1955-02-06,F,2024-02-25,Clinica Geral,R73,Glicemia elevada / Pre-diabetes,8d98d556-575a-4577-8df8-0556a5b1f054,Mateus da Rocha
f4235a6d-5148-4611-9785-52560d33e028,68297134040,Laura Pacheco,1955-02-06,F,2024-11-10,Endocrinologia,R73,Glicemia elevada / Pre-diabetes,635e7849-c05c-448f-902a-5930d433e303,Dra. Stella Farias
5313e90f-3a7f-421f-a86c-88ac5ac4523f,12735409805,Srta. Sarah Mendonça,1985-02-20,F,2024-05-29,Cardiologia,Z00,Consulta de rotina,ff76edaa-fdba-4334-92ff-2cc005639054,Luigi Dias
b9c53b48-4304-4ad7-afa8-6f310a27cd67,12735409805,Srta. Sarah Mendonça,1985-02-20,F,2023-04-13,Nutrologia,Z00,Consulta de rotina,a2819a78-2c03-4911-8b5f-9610e09b9f5e,Alícia Freitas
98893c03-1709-4855-a70a-0de808af4d40,12735409805,Srta. Sarah Mendonça,1985-02-20,F,2024-02-24,Endocrinologia,Z00,Consulta de rotina,ff76edaa-fdba-4334-92ff-2cc005639054,Luigi Dias
bade6903-4ed3-4009-9a9a-12878c884fcf,12735409805,Srta. Sarah Mendonça,1985-02-20,F,2023-09-29,Cardiologia,Z00,Consulta de rotina,a2819a78-2c03-4911-8b5f-9610e09b9f5e,Alícia Freitas
b7e82c5c-cc62-4cb8-a1ed-3c8b42c76cf2,21378940504,Rael Mendes,1981-11-16,M,2024-10-03,Nutrologia,E66,Obesidade,b43f7643-acd6-4f86-84b2-f2681f935fe8,Mateus Souza
882fd52e-ef51-440c-9c7a-76df46490308,21378940504,Rael Mendes,1981-11-16,M,2024-10-08,Cardiologia,E11,Diabetes mellitus tipo 2,8d98d556-575a-4577-8df8-0556a5b1f054,Mateus da Rocha
15a13a75-fb32-436f-8314-dbf681e2a8c4,21378940504,Rael Mendes,1981-11-16,M,2024-10-10,Clinica Geral,Z00,Consulta de rotina,3d60c462-ce2d-4ac1-ab14-0765b867c570,Anthony Sousa
274c6988-9e78-4cdc-94b7-76cbd5ef8f75,21378940504,Rael Mendes,1981-11-16,M,2023-11-29,Clinica Geral,E66,Obesidade,c97b2b9a-1e5d-4318-a715-94ea27f03edf,Luna Melo
c6e97666-08d3-4bff-ae79-39f05acb952f,48560973265,Giovanna Barros,1955-04-27,F,2024-03-17,Endocrinologia,Z00,Consulta de rotina,b43f7643-acd6-4f86-84b2-f2681f935fe8,Mateus Souza
061f6f50-58bc-4956-9623-2d948fc4417c,48560973265,Giovanna Barros,1955-04-27,F,2024-11-29,Endocrinologia,R73,Glicemia elevada / Pre-diabetes,53e4503c-ce3f-4c36-911b-0819cd4ce6a2,Lucas Lima
fd7c397e-9638-459c-9201-9bf005f8ca96,48560973265,Giovanna Barros,1955-04-27,F,2024-01-27,Endocrinologia,R73,Glicemia elevada / Pre-diabetes,53e4503c-ce3f-4c36-911b-0819cd4ce6a2,Lucas Lima
74f142bf-850c-49c3-a428-17bfea7c255f,92538714664,Otávio Lima,1980-10-07,M,2024-04-15,Cardiologia,R73,Glicemia elevada / Pre-diabetes,5df79933-d5a6-40f0-96e9-74131b3028bd,Dr. Lucas Gabriel da Rosa
199995a4-90de-42c4-adf9-38b4e9582467,92538714664,Otávio Lima,1980-10-07,M,2024-11-24,Endocrinologia,E66,Obesidade,5df79933-d5a6-40f0-96e9-74131b3028bd,Dr. Lucas Gabriel da Rosa
36b88958-8c10-4900-9641-51d84fd71057,92538714664,Otávio Lima,1980-10-07,M,2024-12-07,Cardiologia,E66,Obesidade,635e7849-c05c-448f-902a-5930d433e303,Dra. Stella Farias
ab10c4ed-b943-4e5d-b53e-44049dcb35a2,92538714664,Otávio Lima,1980-10-07,M,2024-01-29,Nutrologia,E66,Obesidade,8d98d556-575a-4577-8df8-0556a5b1f054,Mateus da Rocha
da04c00b-75e7-4f1f-9484-d7a659677871,20964851342,Daniela Barros,1997-04-21,F,2024-08-08,Cardiologia,Z00,Consulta de rotina,635e7849-c05c-448f-902a-5930d433e303,Dra. Stella Farias
57f4fabd-3ce9-4f20-965a-145b3e9fb74e,28631047562,Agatha Lopes,1989-10-11,F,2024-11-05,Nutrologia,Z00,Consulta de rotina,c97b2b9a-1e5d-4318-a715-94ea27f03edf,Luna Melo
2be8ab84-4070-40b2-acc1-4b05401daab5,28631047562,Agatha Lopes,1989-10-11,F,2024-05-23,Cardiologia,R73,Glicemia elevada / Pre-diabetes,53e4503c-ce3f-4c36-911b-0819cd4ce6a2,Lucas Lima
2dd579e6-0c0c-49f2-aee4-879d068bb049,28631047562,Agatha Lopes,1989-10-11,F,2023-12-27,Endocrinologia,Z00,Consulta de rotina,53e4503c-ce3f-4c36-911b-0819cd4ce6a2,Lucas Lima
10a87a72-42df-4c7b-9ce5-f126244c7f22,92586731409,Marcos Vinicius Costa,1977-02-12,M,2024-10-05,Clinica Geral,Z00,Consulta de rotina,ff76edaa-fdba-4334-92ff-2cc005639054,Luigi Dias
08f83b76-6834-4bb5-9e5b-ad691fd6c550,92586731409,Marcos Vinicius Costa,1977-02-12,M,2024-03-27,Clinica Geral,Z00,Consulta de rotina,5df79933-d5a6-40f0-96e9-74131b3028bd,Dr. Lucas Gabriel da Rosa
d7d810e7-6dde-48cd-a7c5-40392b0c8599,58420136735,Luara Campos,1964-04-30,F,2023-12-01,Nutrologia,Z00,Consulta de rotina,5df79933-d5a6-40f0-96e9-74131b3028bd,Dr. Lucas Gabriel da Rosa
e010d777-7bb9-47f5-b5c6-e1aae6a04a37,58420136735,Luara Campos,1964-04-30,F,2024-01-10,Cardiologia,R73,Glicemia elevada / Pre-diabetes,8ab61bd6-bc97-456b-885d-7e6c3d26a368,Ester Carvalho
a7281b1f-b95d-447b-b3a2-e4e861366e98,58420136735,Luara Campos,1964-04-30,F,2024-05-08,Cardiologia,Z00,Consulta de rotina,5df79933-d5a6-40f0-96e9-74131b3028bd,Dr. Lucas Gabriel da Rosa
8cf63aa2-6861-4f7e-ae55-cb03fec4eafe,38256419024,Luara Melo,1965-08-31,F,2023-03-19,Endocrinologia,Z00,Consulta de rotina,a2819a78-2c03-4911-8b5f-9610e09b9f5e,Alícia Freitas
9095bfdd-6de7-47f2-9a9c-77173fc609e7,38256419024,Luara Melo,1965-08-31,F,2024-07-24,Cardiologia,Z00,Consulta de rotina,635e7849-c05c-448f-902a-5930d433e303,Dra. Stella Farias
040356a1-b28b-41ca-9104-a8ab718c8171,38256419024,Luara Melo,1965-08-31,F,2023-01-15,Cardiologia,Z00,Consulta de rotina,635e7849-c05c-448f-902a-5930d433e303,Dra. Stella Farias
e3e2c75f-8249-4fd2-8b61-055ecde43fbc,05394812705,Rafaela Peixoto,1999-12-05,F,2024-11-19,Cardiologia,Z00,Consulta de rotina,b43f7643-acd6-4f86-84b2-f2681f935fe8,Mateus Souza
030901ec-caca-4ab9-b1ef-16833ac15698,06254398133,Luísa Macedo,1984-11-29,F,2024-11-22,Endocrinologia,Z00,Consulta de rotina,3d60c462-ce2d-4ac1-ab14-0765b867c570,Anthony Sousa
1a3b535b-1c28-4588-82e6-a41b36d1cc9a,06254398133,Luísa Macedo,1984-11-29,F,2023-08-15,Clinica Geral,R73,Glicemia elevada / Pre-diabetes,53e4503c-ce3f-4c36-911b-0819cd4ce6a2,Lucas Lima
a56fcef9-5f69-43e8-8c31-42f95c873ab1,06254398133,Luísa Macedo,1984-11-29,F,2024-10-26,Nutrologia,Z00,Consulta de rotina,5df79933-d5a6-40f0-96e9-74131b3028bd,Dr. Lucas Gabriel da Rosa
bc99cff1-7692-41ff-96a6-356994001a6d,06254398133,Luísa Macedo,1984-11-29,F,2023-02-16,Clinica Geral,Z00,Consulta de rotina,ff76edaa-fdba-4334-92ff-2cc005639054,Luigi Dias
fd43eb64-5de0-4d79-bad9-97207b6475e1,50942863151,Théo da Mota,1952-11-12,M,2023-05-19,Nutrologia,E11,Diabetes mellitus tipo 2,8ab61bd6-bc97-456b-885d-7e6c3d26a368,Ester Carvalho
810604b0-5b50-4300-8ef6-bb5dc7a40369,50942863151,Théo da Mota,1952-11-12,M,2023-06-08,Nutrologia,E66,Obesidade,53e4503c-ce3f-4c36-911b-0819cd4ce6a2,Lucas Lima
8d2d8d22-7f0a-4c35-8c69-88a88ad1ed4a,50942863151,Théo da Mota,1952-11-12,M,2023-02-03,Cardiologia,E66,Obesidade,5df79933-d5a6-40f0-96e9-74131b3028bd,Dr. Lucas Gabriel da Rosa
4702a4c9-caf7-4642-abdb-598e62c5167c,28596714049,Srta. Esther Campos,1963-03-12,F,2023-08-30,Cardiologia,Z00,Consulta de rotina,a2819a78-2c03-4911-8b5f-9610e09b9f5e,Alícia Freitas
9e3adb08-73cc-4357-83e1-5e8d0f2aee82,28596714049,Srta. Esther Campos,1963-03-12,F,2024-10-22,Cardiologia,R73,Glicemia elevada / Pre-diabetes,8ab61bd6-bc97-456b-885d-7e6c3d26a368,Ester Carvalho
cf86dc4c-da9e-4fe7-9a59-41c68d7828a3,26043918722,Marina Machado,1999-09-04,F,2024-04-10,Clinica Geral,R73,Glicemia elevada / Pre-diabetes,3d60c462-ce2d-4ac1-ab14-0765b867c570,Anthony Sousa
a822db7c-ebd4-426a-811d-713c6d83cf4f,61532478062,Dra. Maria Eduarda Garcia,1987-11-07,F,2023-12-08,Endocrinologia,Z00,Consulta de rotina,c97b2b9a-1e5d-4318-a715-94ea27f03edf,Luna Melo
3c64c65e-17f5-4d4e-bcb9-73abd350a1ef,61532478062,Dra. Maria Eduarda Garcia,1987-11-07,F,2023-07-30,Clinica Geral,Z00,Consulta de rotina,53e4503c-ce3f-4c36-911b-0819cd4ce6a2,Lucas Lima
a7e87eb9-004c-4b8e-89c9-72fab78b275a,85174962309,Sr. José Rezende,2000-06-14,M,2023-06-01,Clinica Geral,Z00,Consulta de rotina,b43f7643-acd6-4f86-84b2-f2681f935fe8,Mateus Souza
227c7d91-87ee-4680-9713-1d7bb614e59a,85174962309,Sr. José Rezende,2000-06-14,M,2024-07-07,Cardiologia,R73,Glicemia elevada / Pre-diabetes,ff76edaa-fdba-4334-92ff-2cc005639054,Luigi Dias
1bfa8dc6-48f3-47f5-b11c-7210273c11bb,01892753677,Larissa Castro,1971-04-24,F,2023-01-16,Cardiologia,R73,Glicemia elevada / Pre-diabetes,ff76edaa-fdba-4334-92ff-2cc005639054,Luigi Dias
9d329a56-de1b-4c07-b98a-d3bb91271ebf,01892753677,Larissa Castro,1971-04-24,F,2023-11-28,Clinica Geral,Z00,Consulta de rotina,53e4503c-ce3f-4c36-911b-0819cd4ce6a2,Lucas Lima
f837c83f-98c6-4b72-95de-7a9765e5b41f,49305218660,Guilherme Pinto,1993-07-14,M,2023-04-27,Clinica Geral,E11,Diabetes mellitus tipo 2,8ab61bd6-bc97-456b-885d-7e6c3d26a368,Ester Carvalho
69c866e1-c689-4b0b-aefe-725ed2a5c298,49305218660,Guilherme Pinto,1993-07-14,M,2024-05-30,Endocrinologia,E66,Obesidade,a2819a78-2c03-4911-8b5f-9610e09b9f5e,Alícia Freitas
514f7362-71e7-4841-a8e2-6190729f0c13,73426981564,Carlos Eduardo Mendes,1994-07-06,M,2024-10-20,Clinica Geral,Z00,Consulta de rotina,a2819a78-2c03-4911-8b5f-9610e09b9f5e,Alícia Freitas
fd1dccbe-19e4-43ee-888d-19c7542d46af,53821960442,João Lucas Almeida,1983-03-20,M,2024-05-17,Nutrologia,Z00,Consulta de rotina,3d60c462-ce2d-4ac1-ab14-0765b867c570,Anthony Sousa
f9693d5a-6f7d-4b4f-bf2d-c6e32a0dc6fc,95780162476,Bruna da Costa,1987-09-06,F,2023-06-01,Clinica Geral,Z00,Consulta de rotina,53e4503c-ce3f-4c36-911b-0819cd4ce6a2,Lucas Lima
df7a4dc8-6611-4bf1-be23-775c521aa8a5,18794526346,Noah Duarte,1979-03-17,M,2024-10-10,Cardiologia,Z00,Consulta de rotina,53e4503c-ce3f-4c36-911b-0819cd4ce6a2,Lucas Lima
b6b8ab54-5235-4c04-aa54-0f1b9de0f15c,18794526346,Noah Duarte,1979-03-17,M,2024-06-27,Cardiologia,Z00,Consulta de rotina,53e4503c-ce3f-4c36-911b-0819cd4ce6a2,Lucas Lima
4f5dd0e2-d3b7-4f5a-85e4-95b7adf678ef,71604389222,Ester Duarte,1979-09-15,F,2024-12-19,Clinica Geral,Z00,Consulta de rotina,3d60c462-ce2d-4ac1-ab14-0765b867c570,Anthony Sousa
686c8405-7051-4bc0-bf3d-613801e11308,71604389222,Ester Duarte,1979-09-15,F,2024-04-07,Endocrinologia,Z00,Consulta de rotina,635e7849-c05c-448f-902a-5930d433e303,Dra. Stella Farias
18c5de65-20fb-4816-aeae-db1568135790,71604389222,Ester Duarte,1979-09-15,F,2024-04-09,Nutrologia,Z00,Consulta de rotina,b43f7643-acd6-4f86-84b2-f2681f935fe8,Mateus Souza
8bdecea5-d1a2-4a73-a6f6-c51ad2e3ceaa,71604389222,Ester Duarte,1979-09-15,F,2023-11-17,Nutrologia,Z00,Consulta de rotina,3d60c462-ce2d-4ac1-ab14-0765b867c570,Anthony Sousa
6bb57201-5c68-488c-9a4b-dbb29bbd9026,67809514202,Marcela Vasconcelos,1974-05-22,F,2024-12-04,Nutrologia,Z00,Consulta de rotina,ff76edaa-fdba-4334-92ff-2cc005639054,Luigi Dias
6763a070-5542-4382-b569-5618b5a9755f,67809514202,Marcela Vasconcelos,1974-05-22,F,2023-03-29,Clinica Geral,Z00,Consulta de rotina,3d60c462-ce2d-4ac1-ab14-0765b867c570,Anthony Sousa
188f3f16-c952-44cd-a4d6-a946a1ecf119,67809514202,Marcela Vasconcelos,1974-05-22,F,2024-01-17,Endocrinologia,Z00,Consulta de rotina,3d60c462-ce2d-4ac1-ab14-0765b867c570,Anthony Sousa
8f3a9184-b1a6-4e7f-94ad-5df1be7a9203,91023467534,Fernanda Dias,1987-07-09,F,2024-02-25,Cardiologia,Z00,Consulta de rotina,3d60c462-ce2d-4ac1-ab14-0765b867c570,Anthony Sousa
e1005999-b226-4d72-9302-8935dc859858,21976385059,Liam Mendes,1955-11-25,M,2024-09-06,Cardiologia,Z00,Consulta de rotina,5df79933-d5a6-40f0-96e9-74131b3028bd,Dr. Lucas Gabriel da Rosa
b4f7a49c-bafa-4b2e-b133-24b61810c367,21976385059,Liam Mendes,1955-11-25,M,2024-08-14,Endocrinologia,Z00,Consulta de rotina,3d60c462-ce2d-4ac1-ab14-0765b867c570,Anthony Sousa
48669b08-9688-4d9b-a988-5873d55eb41f,21976385059,Liam Mendes,1955-11-25,M,2023-08-18,Clinica Geral,Z00,Consulta de rotina,a2819a78-2c03-4911-8b5f-9610e09b9f5e,Alícia Freitas
45fbc0e4-e1fa-45f9-b411-dc18c77a4025,21976385059,Liam Mendes,1955-11-25,M,2024-01-12,Clinica Geral,Z00,Consulta de rotina,8ab61bd6-bc97-456b-885d-7e6c3d26a368,Ester Carvalho
83b65392-44fe-401d-8ed0-8b24f2ab2de5,23168450707,Vitor Hugo da Paz,1979-05-29,M,2024-07-28,Clinica Geral,Z00,Consulta de rotina,635e7849-c05c-448f-902a-5930d433e303,Dra. Stella Farias
4d4bdd26-5c3f-4e93-8268-ad70a2454a44,23168450707,Vitor Hugo da Paz,1979-05-29,M,2023-07-04,Cardiologia,Z00,Consulta de rotina,c97b2b9a-1e5d-4318-a715-94ea27f03edf,Luna Melo
f97c122e-6052-4867-a078-6280f3d94f9a,23168450707,Vitor Hugo da Paz,1979-05-29,M,2023-12-26,Clinica Geral,Z00,Consulta de rotina,b43f7643-acd6-4f86-84b2-f2681f935fe8,Mateus Souza
aeff3307-b039-4e83-9582-82df6cb0e852,86543920700,Joana Macedo,1959-03-21,F,2023-05-26,Clinica Geral,Z00,Consulta de rotina,3d60c462-ce2d-4ac1-ab14-0765b867c570,Anthony Sousa
758be57b-011c-4303-992f-f0e2b4e504ef,86543920700,Joana Macedo,1959-03-21,F,2024-03-05,Nutrologia,R73,Glicemia elevada / Pre-diabetes,635e7849-c05c-448f-902a-5930d433e303,Dra. Stella Farias
4aa3a3f0-ae9a-47cb-9e64-8b966dfcf2f7,25109347670,Srta. Ana Julia Gonçalves,1973-04-26,F,2024-09-02,Clinica Geral,E11,Diabetes mellitus tipo 2,53e4503c-ce3f-4c36-911b-0819cd4ce6a2,Lucas Lima
84c88373-c296-46a4-b8de-24a5ecd5bcb8,25109347670,Srta. Ana Julia Gonçalves,1973-04-26,F,2024-09-24,Clinica Geral,Z00,Consulta de rotina,ff76edaa-fdba-4334-92ff-2cc005639054,Luigi Dias
1bc8371d-29af-43a3-9549-03a5c0ae4746,25109347670,Srta. Ana Julia Gonçalves,1973-04-26,F,2024-09-13,Nutrologia,E11,Diabetes mellitus tipo 2,a2819a78-2c03-4911-8b5f-9610e09b9f5e,Alícia Freitas
29bb6303-32f4-409d-9bbe-7246ed516428,83740561939,Ana Carolina Martins,1972-04-15,F,2024-06-08,Clinica Geral,Z00,Consulta de rotina,8d98d556-575a-4577-8df8-0556a5b1f054,Mateus da Rocha
3a4ef076-907a-49f3-ba1f-eee2565d83df,83740561939,Ana Carolina Martins,1972-04-15,F,2023-04-24,Cardiologia,Z00,Consulta de rotina,635e7849-c05c-448f-902a-5930d433e303,Dra. Stella Farias
bf620220-fc85-43af-a74a-d790fbeb4d6d,83740561939,Ana Carolina Martins,1972-04-15,F,2024-11-14,Cardiologia,Z00,Consulta de rotina,8ab61bd6-bc97-456b-885d-7e6c3d26a368,Ester Carvalho
4f557a16-b5ca-43e3-a05a-6f8a9945650c,83740561939,Ana Carolina Martins,1972-04-15,F,2024-02-09,Clinica Geral,Z00,Consulta de rotina,8d98d556-575a-4577-8df8-0556a5b1f054,Mateus da Rocha
0fd84338-a327-48ba-a811-3d6ffce9dcf5,60153872462,Sr. Bruno Andrade,1955-12-03,M,2023-08-05,Endocrinologia,Z00,Consulta de rotina,5df79933-d5a6-40f0-96e9-74131b3028bd,Dr. Lucas Gabriel da Rosa
5965c708-3040-406e-bd7f-0be2e86f2143,09246537874,José Miguel Macedo,1988-09-12,M,2023-05-03,Clinica Geral,Z00,Consulta de rotina,b43f7643-acd6-4f86-84b2-f2681f935fe8,Mateus Souza
b5b5874f-fa20-4eb4-8156-a7bc80cd8722,09246537874,José Miguel Macedo,1988-09-12,M,2023-05-13,Nutrologia,R73,Glicemia elevada / Pre-diabetes,ff76edaa-fdba-4334-92ff-2cc005639054,Luigi Dias
8706ccf7-8a3a-4602-8360-eb35d45fafbe,09246537874,José Miguel Macedo,1988-09-12,M,2024-07-26,Cardiologia,Z00,Consulta de rotina,8ab61bd6-bc97-456b-885d-7e6c3d26a368,Ester Carvalho
395daebd-4833-40a2-bf04-6898d98fe20d,36594701800,Evelyn da Cruz,1951-03-18,F,2023-01-20,Nutrologia,R73,Glicemia elevada / Pre-diabetes,635e7849-c05c-448f-902a-5930d433e303,Dra. Stella Farias
cfdddf99-edb8-4d5a-89d7-376aa4a39388,04361278903,João Pedro Jesus,1958-06-13,M,2024-03-15,Nutrologia,Z00,Consulta de rotina,53e4503c-ce3f-4c36-911b-0819cd4ce6a2,Lucas Lima
467b7c15-a444-4a25-835a-5766f4651f4f,53710849241,Mateus Ramos,1981-01-04,M,2024-02-19,Clinica Geral,Z00,Consulta de rotina,3d60c462-ce2d-4ac1-ab14-0765b867c570,Anthony Sousa
98e73666-9f7d-4dae-ba18-0c3f07f37d6c,53710849241,Mateus Ramos,1981-01-04,M,2024-09-24,Nutrologia,Z00,Consulta de rotina,ff76edaa-fdba-4334-92ff-2cc005639054,Luigi Dias
1efb5bbf-7e0a-42fb-981a-80544429303c,53710849241,Mateus Ramos,1981-01-04,M,2024-03-23,Clinica Geral,Z00,Consulta de rotina,3d60c462-ce2d-4ac1-ab14-0765b867c570,Anthony Sousa
1ad93c4a-9078-4634-b687-a594144050be,53710849241,Mateus Ramos,1981-01-04,M,2024-08-26,Nutrologia,Z00,Consulta de rotina,635e7849-c05c-448f-902a-5930d433e303,Dra. Stella Farias
16cac6af-c68f-4743-a6ab-fea71c893c80,30129684589,Caroline Cassiano,1967-07-05,F,2023-12-14,Endocrinologia,Z00,Consulta de rotina,5df79933-d5a6-40f0-96e9-74131b3028bd,Dr. Lucas Gabriel da Rosa
05704a10-08ed-4afb-bc02-c5301fff8e13,74326851937,Davi Miguel Gonçalves,1994-12-30,M,2024-06-06,Endocrinologia,E66,Obesidade,8ab61bd6-bc97-456b-885d-7e6c3d26a368,Ester Carvalho
defc2b4a-9575-4d6c-b0cb-4dc018a347f6,74326851937,Davi Miguel Gonçalves,1994-12-30,M,2023-04-16,Endocrinologia,E11,Diabetes mellitus tipo 2,8d98d556-575a-4577-8df8-0556a5b1f054,Mateus da Rocha
28ed183d-c4ac-49ac-88bc-d8c7762ea3e3,74326851937,Davi Miguel Gonçalves,1994-12-30,M,2023-07-01,Nutrologia,E66,Obesidade,3d60c462-ce2d-4ac1-ab14-0765b867c570,Anthony Sousa
8da5280e-905b-43dc-b904-7ea8fa258ce4,14289730523,Luiza Santos,1978-02-26,F,2024-10-20,Cardiologia,Z00,Consulta de rotina,53e4503c-ce3f-4c36-911b-0819cd4ce6a2,Lucas Lima
4a257ea6-8df0-49bb-9bb9-913b5ed20cc1,14289730523,Luiza Santos,1978-02-26,F,2024-03-26,Clinica Geral,Z00,Consulta de rotina,ff76edaa-fdba-4334-92ff-2cc005639054,Luigi Dias
d305d1af-027c-4181-ae6c-e282cd26e9f0,14289730523,Luiza Santos,1978-02-26,F,2024-10-08,Cardiologia,Z00,Consulta de rotina,a2819a78-2c03-4911-8b5f-9610e09b9f5e,Alícia Freitas
1e4e97c3-5431-49db-8cba-aa405d164d14,14289730523,Luiza Santos,1978-02-26,F,2023-02-27,Cardiologia,Z00,Consulta de rotina,53e4503c-ce3f-4c36-911b-0819cd4ce6a2,Lucas Lima
55d14090-5587-44a0-a724-c9ddae2932d6,59437018260,Pedro Sousa,1988-07-08,M,2024-04-07,Clinica Geral,Z00,Consulta de rotina,a2819a78-2c03-4911-8b5f-9610e09b9f5e,Alícia Freitas
3170b8c3-f876-424f-81d3-c068da12564d,07861453235,Cecilia Ferreira,1976-02-23,F,2024-08-31,Nutrologia,E66,Obesidade,53e4503c-ce3f-4c36-911b-0819cd4ce6a2,Lucas Lima
4ab90252-6876-4886-9094-68810da2819a,32190487579,Sr. Carlos Eduardo Azevedo,1979-05-30,M,2024-08-08,Endocrinologia,E66,Obesidade,a2819a78-2c03-4911-8b5f-9610e09b9f5e,Alícia Freitas
ce440268-0d5a-4bd0-86d0-cd376fca88c8,32190487579,Sr. Carlos Eduardo Azevedo,1979-05-30,M,2024-04-06,Clinica Geral,E66,Obesidade,c97b2b9a-1e5d-4318-a715-94ea27f03edf,Luna Melo
53483884-643a-475d-a082-225ce1497e68,32190487579,Sr. Carlos Eduardo Azevedo,1979-05-30,M,2024-10-23,Endocrinologia,E66,Obesidade,8ab61bd6-bc97-456b-885d-7e6c3d26a368,Ester Carvalho
ba9bc877-33f8-49cc-9552-7a9474ca3a0e,32190487579,Sr. Carlos Eduardo Azevedo,1979-05-30,M,2024-06-19,Endocrinologia,E11,Diabetes mellitus tipo 2,8ab61bd6-bc97-456b-885d-7e6c3d26a368,Ester Carvalho
e9543de3-11a4-49d8-9760-2fa307bb1adb,08637295410,Clarice Vasconcelos,1982-10-18,F,2024-11-26,Clinica Geral,E11,Diabetes mellitus tipo 2,b43f7643-acd6-4f86-84b2-f2681f935fe8,Mateus Souza
7b0178b9-3f18-478f-9ea4-b5555613a5ef,08637295410,Clarice Vasconcelos,1982-10-18,F,2023-04-07,Nutrologia,E66,Obesidade,b43f7643-acd6-4f86-84b2-f2681f935fe8,Mateus Souza
04949444-bc14-49f0-a2a2-8b936c011e36,08637295410,Clarice Vasconcelos,1982-10-18,F,2023-03-25,Endocrinologia,E66,Obesidade,b43f7643-acd6-4f86-84b2-f2681f935fe8,Mateus Souza
7f729a13-fbaf-40ec-a1ca-015e6a9d7104,42906381713,Otto Oliveira,1963-02-01,M,2024-09-01,Clinica Geral,E66,Obesidade,ff76edaa-fdba-4334-92ff-2cc005639054,Luigi Dias
e789f143-1e08-461d-a249-a1b8da0a013e,42906381713,Otto Oliveira,1963-02-01,M,2024-11-17,Clinica Geral,E11,Diabetes mellitus tipo 2,ff76edaa-fdba-4334-92ff-2cc005639054,Luigi Dias
fc14c420-15cf-472e-80aa-c1c0bf3beced,42906381713,Otto Oliveira,1963-02-01,M,2024-01-07,Cardiologia,E11,Diabetes mellitus tipo 2,c97b2b9a-1e5d-4318-a715-94ea27f03edf,Luna Melo
e81b4570-bbad-4f97-a6e2-1d3c1835edd4,71450396801,Samuel da Cruz,1963-03-24,M,2024-05-12,Endocrinologia,Z00,Consulta de rotina,b43f7643-acd6-4f86-84b2-f2681f935fe8,Mateus Souza
7e06d6d0-e264-4df9-a5f8-942ecee5345e,71450396801,Samuel da Cruz,1963-03-24,M,2023-06-08,Clinica Geral,Z00,Consulta de rotina,ff76edaa-fdba-4334-92ff-2cc005639054,Luigi Dias
562e801e-81ba-438f-b951-41f45cc389af,84013276950,José Miguel Aparecida,1974-06-26,M,2024-07-06,Clinica Geral,E66,Obesidade,8ab61bd6-bc97-456b-885d-7e6c3d26a368,Ester Carvalho
36775450-554f-4a7f-84ab-a93e885eda0d,84013276950,José Miguel Aparecida,1974-06-26,M,2024-01-21,Endocrinologia,E66,Obesidade,53e4503c-ce3f-4c36-911b-0819cd4ce6a2,Lucas Lima
ea3906fa-aabf-4146-9120-46ad2e42fe0c,84013276950,José Miguel Aparecida,1974-06-26,M,2023-02-14,Nutrologia,E66,Obesidade,a2819a78-2c03-4911-8b5f-9610e09b9f5e,Alícia Freitas
00cae1d6-2ba1-4b19-af18-0fe449b0929b,61078342903,Luara Fogaça,1977-08-16,F,2023-10-19,Nutrologia,E11,Diabetes mellitus tipo 2,53e4503c-ce3f-4c36-911b-0819cd4ce6a2,Lucas Lima
93005667-145d-4bc3-b599-87a9f5de764e,61078342903,Luara Fogaça,1977-08-16,F,2024-01-12,Nutrologia,E11,Diabetes mellitus tipo 2,8d98d556-575a-4577-8df8-0556a5b1f054,Mateus da Rocha
ada90da9-2d04-4bf1-b990-ceb3010a1d2b,61078342903,Luara Fogaça,1977-08-16,F,2024-06-24,Nutrologia,E11,Diabetes mellitus tipo 2,8ab61bd6-bc97-456b-885d-7e6c3d26a368,Ester Carvalho
caabf900-42de-4351-904a-0136941de609,41738592600,Matteo Cardoso,1988-01-18,M,2023-02-23,Nutrologia,E66,Obesidade,5df79933-d5a6-40f0-96e9-74131b3028bd,Dr. Lucas Gabriel da Rosa
d7246ebb-f850-413a-846e-bf0479f615fe,41738592600,Matteo Cardoso,1988-01-18,M,2023-05-08,Cardiologia,Z00,Consulta de rotina,8ab61bd6-bc97-456b-885d-7e6c3d26a368,Ester Carvalho
62e1eddc-7312-4b93-b7a4-f792e6c1c13c,14935602716,Lavínia Silveira,1990-11-26,F,2024-04-05,Endocrinologia,Z00,Consulta de rotina,5df79933-d5a6-40f0-96e9-74131b3028bd,Dr. Lucas Gabriel da Rosa
166c5e52-02f2-4aba-8972-68419574f1b5,63874912078,Sr. Otto Vasconcelos,1962-02-13,M,2023-01-28,Nutrologia,E66,Obesidade,b43f7643-acd6-4f86-84b2-f2681f935fe8,Mateus Souza
11316654-5dca-40d4-9b7e-9456decb39ff,63874912078,Sr. Otto Vasconcelos,1962-02-13,M,2023-03-25,Cardiologia,E66,Obesidade,635e7849-c05c-448f-902a-5930d433e303,Dra. Stella Farias
f1115407-d05f-4484-8e26-fb8654b02b1d,63874912078,Sr. Otto Vasconcelos,1962-02-13,M,2023-05-30,Endocrinologia,E66,Obesidade,b43f7643-acd6-4f86-84b2-f2681f935fe8,Mateus Souza
53de7359-afa2-4066-b3b9-f006f7185e4b,63874912078,Sr. Otto Vasconcelos,1962-02-13,M,2024-12-23,Nutrologia,E66,Obesidade,ff76edaa-fdba-4334-92ff-2cc005639054,Luigi Dias
13a0ac4b-df66-4a1e-b7bb-f71186a72934,26935470838,Ana Julia Cirino,1969-12-27,F,2023-01-20,Cardiologia,Z00,Consulta de rotina,3d60c462-ce2d-4ac1-ab14-0765b867c570,Anthony Sousa
e0a2061d-649e-4c5e-bbce-1bd2944df4a5,26935470838,Ana Julia Cirino,1969-12-27,F,2024-07-15,Nutrologia,Z00,Consulta de rotina,ff76edaa-fdba-4334-92ff-2cc005639054,Luigi Dias
65abe7cd-a964-4120-b782-0b7ad67523dc,26935470838,Ana Julia Cirino,1969-12-27,F,2023-09-01,Cardiologia,Z00,Consulta de rotina,5df79933-d5a6-40f0-96e9-74131b3028bd,Dr. Lucas Gabriel da Rosa
73ef33c4-752b-4b95-a671-0799db5c0afc,26935470838,Ana Julia Cirino,1969-12-27,F,2023-09-02,Nutrologia,Z00,Consulta de rotina,c97b2b9a-1e5d-4318-a715-94ea27f03edf,Luna Melo
85e65450-87f4-434d-92f4-ce63565d8b77,78910625449,Valentim Melo,1962-11-14,M,2024-05-26,Clinica Geral,Z00,Consulta de rotina,3d60c462-ce2d-4ac1-ab14-0765b867c570,Anthony Sousa
74d9a16e-7633-49de-b643-cb897a6cd884,78910625449,Valentim Melo,1962-11-14,M,2023-10-26,Nutrologia,Z00,Consulta de rotina,ff76edaa-fdba-4334-92ff-2cc005639054,Luigi Dias
3e242484-169e-4be7-b719-a22129a6bc98,78910625449,Valentim Melo,1962-11-14,M,2023-12-28,Endocrinologia,Z00,Consulta de rotina,53e4503c-ce3f-4c36-911b-0819cd4ce6a2,Lucas Lima
74b2d492-be03-4272-a051-2397f0e682a2,78910625449,Valentim Melo,1962-11-14,M,2024-11-11,Clinica Geral,Z00,Consulta de rotina,ff76edaa-fdba-4334-92ff-2cc005639054,Luigi Dias
94c77694-4744-4bd1-9318-914753d342a4,67394851273,Srta. Melissa Silva,1992-10-05,F,2024-07-11,Clinica Geral,Z00,Consulta de rotina,8ab61bd6-bc97-456b-885d-7e6c3d26a368,Ester Carvalho
4ddd59ca-6642-44a7-8b6d-ad8cdf85c423,67394851273,Srta. Melissa Silva,1992-10-05,F,2023-02-14,Nutrologia,Z00,Consulta de rotina,a2819a78-2c03-4911-8b5f-9610e09b9f5e,Alícia Freitas
51042d94-f13b-41d0-8b72-bdb4d476d8f7,67394851273,Srta. Melissa Silva,1992-10-05,F,2024-01-01,Clinica Geral,Z00,Consulta de rotina,c97b2b9a-1e5d-4318-a715-94ea27f03edf,Luna Melo
ae53d673-3ca4-45bb-a4d3-e1dc3c77df25,42135987050,Bruna Cassiano,1969-09-22,F,2024-08-18,Cardiologia,Z00,Consulta de rotina,3d60c462-ce2d-4ac1-ab14-0765b867c570,Anthony Sousa
6e667e7a-fe0d-444e-a0c6-b81c44b40da7,42135987050,Bruna Cassiano,1969-09-22,F,2023-12-27,Cardiologia,Z00,Consulta de rotina,c97b2b9a-1e5d-4318-a715-94ea27f03edf,Luna Melo
be3a7b9b-69da-436e-9d16-f7130a1bdf88,42135987050,Bruna Cassiano,1969-09-22,F,2024-12-13,Nutrologia,Z00,Consulta de rotina,a2819a78-2c03-4911-8b5f-9610e09b9f5e,Alícia Freitas
cb32d72a-d143-485b-8d33-3a8827a3423f,94805267356,Evelyn Campos,1993-04-14,F,2023-02-07,Cardiologia,Z00,Consulta de rotina,a2819a78-2c03-4911-8b5f-9610e09b9f5e,Alícia Freitas
bed6e764-ca16-40b0-b578-fa467db2ea17,94805267356,Evelyn Campos,1993-04-14,F,2023-11-20,Cardiologia,E11,Diabetes mellitus tipo 2,c97b2b9a-1e5d-4318-a715-94ea27f03edf,Luna Melo
0c9551b6-17d3-4eae-9e3a-50a6c1d8e462,38260197413,Sr. Ravy Pinto,1975-04-02,M,2024-10-24,Endocrinologia,Z00,Consulta de rotina,c97b2b9a-1e5d-4318-a715-94ea27f03edf,Luna Melo
d7b0db96-17c9-45fd-8b83-608f91a1de63,38260197413,Sr. Ravy Pinto,1975-04-02,M,2023-10-07,Clinica Geral,E66,Obesidade,b43f7643-acd6-4f86-84b2-f2681f935fe8,Mateus Souza
5e74f87a-2c0f-47a7-a99e-4fd875741f9e,38260197413,Sr. Ravy Pinto,1975-04-02,M,2024-01-31,Cardiologia,R73,Glicemia elevada / Pre-diabetes,a2819a78-2c03-4911-8b5f-9610e09b9f5e,Alícia Freitas
9fbadbc0-3774-46eb-a107-dc8ffe5b2d31,38260197413,Sr. Ravy Pinto,1975-04-02,M,2024-06-15,Cardiologia,R73,Glicemia elevada / Pre-diabetes,b43f7643-acd6-4f86-84b2-f2681f935fe8,Mateus Souza
8e91eb22-1657-46d2-a4c0-08bd5aaf00e6,63957401216,Benício Oliveira,1990-10-10,M,2024-03-16,Endocrinologia,Z00,Consulta de rotina,3d60c462-ce2d-4ac1-ab14-0765b867c570,Anthony Sousa
3393c2ec-64c8-4583-a2cb-915ca104cb4d,43596728029,Alexandre Duarte,1991-04-07,M,2023-03-23,Cardiologia,Z00,Consulta de rotina,3d60c462-ce2d-4ac1-ab14-0765b867c570,Anthony Sousa
301aed59-c425-4185-8b0d-b7b509baade8,43596728029,Alexandre Duarte,1991-04-07,M,2024-04-01,Nutrologia,Z00,Consulta de rotina,5df79933-d5a6-40f0-96e9-74131b3028bd,Dr. Lucas Gabriel da Rosa
1f1e250b-75ae-4415-9982-ff1c01481d90,43596728029,Alexandre Duarte,1991-04-07,M,2023-12-26,Nutrologia,Z00,Consulta de rotina,a2819a78-2c03-4911-8b5f-9610e09b9f5e,Alícia Freitas
ae501358-2a2d-4cdd-ae4a-725ba275c061,58326917419,Lucas Cunha,1953-10-12,M,2024-03-21,Cardiologia,E11,Diabetes mellitus tipo 2,53e4503c-ce3f-4c36-911b-0819cd4ce6a2,Lucas Lima
99d084ee-7ff9-45d2-ae9a-5ec10dd735b9,02159863424,Davi Sales,1999-12-03,M,2024-11-26,Endocrinologia,E11,Diabetes mellitus tipo 2,8ab61bd6-bc97-456b-885d-7e6c3d26a368,Ester Carvalho
698ee74a-9b57-484e-8b6b-f99bd0d57eb9,32178594050,Kevin Sá,1964-05-22,M,2023-05-10,Clinica Geral,E66,Obesidade,c97b2b9a-1e5d-4318-a715-94ea27f03edf,Luna Melo
e7d0b6fc-d5ac-4247-a356-35f778549d02,62741509352,Theodoro Borges,1970-09-22,M,2024-01-28,Clinica Geral,Z00,Consulta de rotina,b43f7643-acd6-4f86-84b2-f2681f935fe8,Mateus Souza
81e018b1-c162-4663-a337-61fc45ff0d96,62741509352,Theodoro Borges,1970-09-22,M,2024-01-16,Nutrologia,Z00,Consulta de rotina,b43f7643-acd6-4f86-84b2-f2681f935fe8,Mateus Souza
3fda1a2a-5840-479f-b019-236d2ed0d6bd,94530278123,Sr. Valentim Cavalcante,1976-12-27,M,2024-10-27,Cardiologia,E11,Diabetes mellitus tipo 2,b43f7643-acd6-4f86-84b2-f2681f935fe8,Mateus Souza
342a7b70-3e17-4546-b85e-9fb3c8f285a2,04397681520,Helena Rezende,1956-08-31,F,2024-06-14,Nutrologia,E11,Diabetes mellitus tipo 2,a2819a78-2c03-4911-8b5f-9610e09b9f5e,Alícia Freitas
88780e8d-8b32-47a7-b024-22b3708200b2,04397681520,Helena Rezende,1956-08-31,F,2023-08-08,Cardiologia,E11,Diabetes mellitus tipo 2,a2819a78-2c03-4911-8b5f-9610e09b9f5e,Alícia Freitas
5ade194e-f306-459b-9ce7-74899c801596,72146095849,Rafael Pacheco,1983-07-08,M,2023-06-26,Nutrologia,E66,Obesidade,a2819a78-2c03-4911-8b5f-9610e09b9f5e,Alícia Freitas
dbe9e9a8-3d59-4f0d-811d-00fc14c745ca,72146095849,Rafael Pacheco,1983-07-08,M,2024-12-27,Clinica Geral,Z00,Consulta de rotina,b43f7643-acd6-4f86-84b2-f2681f935fe8,Mateus Souza
cb420b3b-7d67-49f9-abdd-04e4fa0e0564,72146095849,Rafael Pacheco,1983-07-08,M,2024-12-29,Endocrinologia,R73,Glicemia elevada / Pre-diabetes,ff76edaa-fdba-4334-92ff-2cc005639054,Luigi Dias
c398fc54-9735-4bd7-86cc-67146809e2c4,72146095849,Rafael Pacheco,1983-07-08,M,2023-05-23,Endocrinologia,E66,Obesidade,8d98d556-575a-4577-8df8-0556a5b1f054,Mateus da Rocha
dac52eec-85be-4086-8f30-52f0b4ed4e74,23174958032,Beatriz Lima,1988-12-29,F,2024-07-18,Endocrinologia,E11,Diabetes mellitus tipo 2,a2819a78-2c03-4911-8b5f-9610e09b9f5e,Alícia Freitas
6d85672a-8e71-4660-b6ec-893459e69e61,23174958032,Beatriz Lima,1988-12-29,F,2024-05-05,Nutrologia,R73,Glicemia elevada / Pre-diabetes,635e7849-c05c-448f-902a-5930d433e303,Dra. Stella Farias
9bf6977f-ed78-4682-8df1-99f429b5805e,23174958032,Beatriz Lima,1988-12-29,F,2023-11-21,Clinica Geral,E66,Obesidade,ff76edaa-fdba-4334-92ff-2cc005639054,Luigi Dias
c6502d68-750b-4ca9-8fcb-f42da2c43f0e,23174958032,Beatriz Lima,1988-12-29,F,2024-07-18,Endocrinologia,E11,Diabetes mellitus tipo 2,ff76edaa-fdba-4334-92ff-2cc005639054,Luigi Dias
3769aefd-97c1-4f80-8fc5-8d42e09306c5,84376902500,Henrique Vargas,1975-05-31,M,2023-02-26,Clinica Geral,Z00,Consulta de rotina,8ab61bd6-bc97-456b-885d-7e6c3d26a368,Ester Carvalho
5233b2f3-c21b-4f7f-b0df-ca59e2b9f606,84376902500,Henrique Vargas,1975-05-31,M,2023-06-15,Cardiologia,Z00,Consulta de rotina,ff76edaa-fdba-4334-92ff-2cc005639054,Luigi Dias
1b302ce9-9cf7-4834-b4cc-c11ef2233253,43018576217,Stella Ramos,1996-08-14,F,2023-10-18,Clinica Geral,Z00,Consulta de rotina,8ab61bd6-bc97-456b-885d-7e6c3d26a368,Ester Carvalho
66678671-3bef-49ce-99a6-11bc5e1d19f7,43018576217,Stella Ramos,1996-08-14,F,2024-10-12,Cardiologia,Z00,Consulta de rotina,8d98d556-575a-4577-8df8-0556a5b1f054,Mateus da Rocha
af638b00-3e01-41fe-913b-971230cdadc5,23719864537,Hellena Carvalho,1986-06-23,F,2024-10-18,Endocrinologia,Z00,Consulta de rotina,8ab61bd6-bc97-456b-885d-7e6c3d26a368,Ester Carvalho
8a388ca8-e2f9-4bfc-906a-0ec390e41381,23719864537,Hellena Carvalho,1986-06-23,F,2024-11-05,Cardiologia,Z00,Consulta de rotina,ff76edaa-fdba-4334-92ff-2cc005639054,Luigi Dias
cc5b7626-201f-4825-b904-d36f8f443d70,70365918466,Thales Freitas,1990-08-13,M,2023-09-29,Endocrinologia,E66,Obesidade,53e4503c-ce3f-4c36-911b-0819cd4ce6a2,Lucas Lima
48a460f0-b6f7-4e14-aee1-cc886dfafbbf,08925431670,José Pedro Araújo,1950-07-23,M,2024-10-04,Cardiologia,Z00,Consulta de rotina,a2819a78-2c03-4911-8b5f-9610e09b9f5e,Alícia Freitas
f5446033-b4cb-4138-85d6-8819e995e091,08925431670,José Pedro Araújo,1950-07-23,M,2023-09-08,Nutrologia,Z00,Consulta de rotina,a2819a78-2c03-4911-8b5f-9610e09b9f5e,Alícia Freitas
3deb5c97-4959-4f33-aa67-5de1a2666775,08925431670,José Pedro Araújo,1950-07-23,M,2023-03-16,Clinica Geral,Z00,Consulta de rotina,a2819a78-2c03-4911-8b5f-9610e09b9f5e,Alícia Freitas
8d61b7ad-e9d3-4ce0-8a32-25a59e5b3d0a,08925431670,José Pedro Araújo,1950-07-23,M,2024-03-01,Nutrologia,Z00,Consulta de rotina,a2819a78-2c03-4911-8b5f-9610e09b9f5e,Alícia Freitas
4d35d463-53c4-4cfe-b115-22e34b44f632,59316470234,Ana Sophia Vasconcelos,1975-03-01,F,2023-11-23,Cardiologia,R73,Glicemia elevada / Pre-diabetes,b43f7643-acd6-4f86-84b2-f2681f935fe8,Mateus Souza
6f0574dd-65eb-4918-8d4d-68296b46ecc6,59316470234,Ana Sophia Vasconcelos,1975-03-01,F,2024-01-15,Clinica Geral,Z00,Consulta de rotina,ff76edaa-fdba-4334-92ff-2cc005639054,Luigi Dias
c42ab780-c36a-4f3b-88b4-ed7d4b51a4c3,59316470234,Ana Sophia Vasconcelos,1975-03-01,F,2023-10-01,Nutrologia,R73,Glicemia elevada / Pre-diabetes,3d60c462-ce2d-4ac1-ab14-0765b867c570,Anthony Sousa
54c629fb-c3bb-4871-8a8a-148053f1ddc2,59316470234,Ana Sophia Vasconcelos,1975-03-01,F,2023-04-10,Clinica Geral,Z00,Consulta de rotina,ff76edaa-fdba-4334-92ff-2cc005639054,Luigi Dias
e1c50963-5821-49a4-a905-94d4fda63ea8,81957236400,Heloísa Castro,1995-07-01,F,2024-03-04,Endocrinologia,Z00,Consulta de rotina,53e4503c-ce3f-4c36-911b-0819cd4ce6a2,Lucas Lima
bc9ca7b8-c814-42a6-bbbb-7b07ad565487,81957236400,Heloísa Castro,1995-07-01,F,2024-08-14,Cardiologia,Z00,Consulta de rotina,b43f7643-acd6-4f86-84b2-f2681f935fe8,Mateus Souza
1ea1b927-2a6d-46e8-b5de-507d4f9c9e05,81957236400,Heloísa Castro,1995-07-01,F,2024-06-11,Nutrologia,R73,Glicemia elevada / Pre-diabetes,a2819a78-2c03-4911-8b5f-9610e09b9f5e,Alícia Freitas
3fea7ac6-b77c-4ea8-8232-9c47b82a74b2,20684917378,Heloísa Vargas,1965-10-24,F,2023-01-24,Clinica Geral,Z00,Consulta de rotina,a2819a78-2c03-4911-8b5f-9610e09b9f5e,Alícia Freitas
5c8ded3a-7d54-4517-9d21-244ed2618e7c,20684917378,Heloísa Vargas,1965-10-24,F,2023-08-09,Cardiologia,Z00,Consulta de rotina,8d98d556-575a-4577-8df8-0556a5b1f054,Mateus da Rocha
26e446ca-63e4-4270-9971-32a56eb3fff2,20684917378,Heloísa Vargas,1965-10-24,F,2024-09-03,Nutrologia,R73,Glicemia elevada / Pre-diabetes,a2819a78-2c03-4911-8b5f-9610e09b9f5e,Alícia Freitas
6fbba931-0622-4f00-88e1-b2b225c2accd,20684917378,Heloísa Vargas,1965-10-24,F,2023-01-09,Clinica Geral,Z00,Consulta de rotina,8ab61bd6-bc97-456b-885d-7e6c3d26a368,Ester Carvalho
25b642bf-95ac-49ff-8e8e-da5343620e37,28916345006,Lucca Freitas,1963-01-12,M,2024-02-17,Cardiologia,R73,Glicemia elevada / Pre-diabetes,b43f7643-acd6-4f86-84b2-f2681f935fe8,Mateus Souza
8c9f249c-bcf1-49b8-8284-3ea1cb67eec8,28916345006,Lucca Freitas,1963-01-12,M,2024-07-29,Endocrinologia,R73,Glicemia elevada / Pre-diabetes,53e4503c-ce3f-4c36-911b-0819cd4ce6a2,Lucas Lima
81ea379b-4bf0-4c84-96f8-829ae67bb5ee,28916345006,Lucca Freitas,1963-01-12,M,2023-10-23,Clinica Geral,Z00,Consulta de rotina,8ab61bd6-bc97-456b-885d-7e6c3d26a368,Ester Carvalho
958a5229-2a6a-4bba-b030-d440d0d61526,28916345006,Lucca Freitas,1963-01-12,M,2023-10-14,Clinica Geral,R73,Glicemia elevada / Pre-diabetes,8ab61bd6-bc97-456b-885d-7e6c3d26a368,Ester Carvalho
6442349a-d6cb-4921-8658-5c4bbf9b0e8b,93057681484,Evelyn da Cunha,1967-01-26,F,2024-01-18,Cardiologia,Z00,Consulta de rotina,635e7849-c05c-448f-902a-5930d433e303,Dra. Stella Farias
53878ecc-ed2d-4387-9669-203bf02288ee,93057681484,Evelyn da Cunha,1967-01-26,F,2023-07-23,Nutrologia,Z00,Consulta de rotina,ff76edaa-fdba-4334-92ff-2cc005639054,Luigi Dias
6c565004-20eb-4c01-b5b5-ab14f41e5c35,27039618478,Rael Borges,1997-07-18,M,2024-06-15,Nutrologia,E11,Diabetes mellitus tipo 2,a2819a78-2c03-4911-8b5f-9610e09b9f5e,Alícia Freitas
17a80027-b38c-46a4-a05e-1c1a55d2502f,86190352740,Sr. João Guilherme Pacheco,1986-02-21,M,2024-09-19,Cardiologia,Z00,Consulta de rotina,b43f7643-acd6-4f86-84b2-f2681f935fe8,Mateus Souza
4152f8ba-5e0d-40a2-89df-fdf0a13f0c97,86190352740,Sr. João Guilherme Pacheco,1986-02-21,M,2024-09-23,Cardiologia,Z00,Consulta de rotina,635e7849-c05c-448f-902a-5930d433e303,Dra. Stella Farias
49bbff70-b45c-419b-aa18-99196c118f4d,52980317497,Maria Clara Sales,1970-11-21,F,2023-11-03,Nutrologia,Z00,Consulta de rotina,53e4503c-ce3f-4c36-911b-0819cd4ce6a2,Lucas Lima
87c7a93a-e698-4e04-8de7-a4f2e0cfdf7b,52980317497,Maria Clara Sales,1970-11-21,F,2023-12-06,Clinica Geral,Z00,Consulta de rotina,b43f7643-acd6-4f86-84b2-f2681f935fe8,Mateus Souza
6d7a2091-683b-4761-93b2-9c097524ac46,52980317497,Maria Clara Sales,1970-11-21,F,2023-11-12,Clinica Geral,Z00,Consulta de rotina,53e4503c-ce3f-4c36-911b-0819cd4ce6a2,Lucas Lima
ac8471f9-d339-4b0a-9e02-510845756cf2,91765340810,Dra. Valentina Carvalho,1954-12-03,F,2024-08-14,Endocrinologia,Z00,Consulta de rotina,53e4503c-ce3f-4c36-911b-0819cd4ce6a2,Lucas Lima
3abcc679-bcbb-41ef-a40f-b49d9547098e,91765340810,Dra. Valentina Carvalho,1954-12-03,F,2024-05-06,Endocrinologia,Z00,Consulta de rotina,53e4503c-ce3f-4c36-911b-0819cd4ce6a2,Lucas Lima
96188e37-cdd8-476a-8fec-d8a6fd2c2956,91765340810,Dra. Valentina Carvalho,1954-12-03,F,2024-11-28,Endocrinologia,Z00,Consulta de rotina,ff76edaa-fdba-4334-92ff-2cc005639054,Luigi Dias
53c09aa6-89c0-4958-b9b7-97afb4ab32e5,91765340810,Dra. Valentina Carvalho,1954-12-03,F,2024-12-18,Clinica Geral,Z00,Consulta de rotina,53e4503c-ce3f-4c36-911b-0819cd4ce6a2,Lucas Lima
201aee73-c025-4e2a-9a6b-5541e818cbed,17632584080,Cecilia Gonçalves,1964-12-03,F,2023-11-18,Nutrologia,Z00,Consulta de rotina,a2819a78-2c03-4911-8b5f-9610e09b9f5e,Alícia Freitas
4148cb47-4138-447c-9556-85a44f9c6634,17632584080,Cecilia Gonçalves,1964-12-03,F,2024-05-28,Nutrologia,R73,Glicemia elevada / Pre-diabetes,635e7849-c05c-448f-902a-5930d433e303,Dra. Stella Farias
914d89d0-98a5-4834-abca-2b1fa90ef3d2,24591068749,Mathias Lima,1980-02-13,M,2023-08-01,Cardiologia,Z00,Consulta de rotina,8ab61bd6-bc97-456b-885d-7e6c3d26a368,Ester Carvalho
7ba4adc3-9ea5-4057-9e8e-6ba0fd5a4d7a,34169820533,Sra. Rafaela Cunha,1975-05-27,F,2024-04-15,Cardiologia,Z00,Consulta de rotina,ff76edaa-fdba-4334-92ff-2cc005639054,Luigi Dias
055baa1a-16c6-49d3-ae41-c5a4a08d6360,34169820533,Sra. Rafaela Cunha,1975-05-27,F,2024-09-16,Nutrologia,Z00,Consulta de rotina,5df79933-d5a6-40f0-96e9-74131b3028bd,Dr. Lucas Gabriel da Rosa
dd19ba99-08cb-40b0-8ffc-74b184e5c7d0,34169820533,Sra. Rafaela Cunha,1975-05-27,F,2024-07-25,Cardiologia,R73,Glicemia elevada / Pre-diabetes,5df79933-d5a6-40f0-96e9-74131b3028bd,Dr. Lucas Gabriel da Rosa
4158ab7b-4ea4-4eda-be2a-b94f3bb5fbfb,34169820533,Sra. Rafaela Cunha,1975-05-27,F,2023-10-23,Endocrinologia,Z00,Consulta de rotina,5df79933-d5a6-40f0-96e9-74131b3028bd,Dr. Lucas Gabriel da Rosa
407633d7-e08d-4fb3-8a5c-0c1d8e528a7e,28109534732,Augusto Teixeira,1965-08-29,M,2023-05-05,Nutrologia,E11,Diabetes mellitus tipo 2,5df79933-d5a6-40f0-96e9-74131b3028bd,Dr. Lucas Gabriel da Rosa
648e5f10-ac97-47ee-af8f-0e0bb5a3254d,28109534732,Augusto Teixeira,1965-08-29,M,2023-10-25,Clinica Geral,R73,Glicemia elevada / Pre-diabetes,ff76edaa-fdba-4334-92ff-2cc005639054,Luigi Dias
d47d0d32-c9ca-484c-b842-d894dc0a752a,28109534732,Augusto Teixeira,1965-08-29,M,2024-11-02,Cardiologia,E11,Diabetes mellitus tipo 2,a2819a78-2c03-4911-8b5f-9610e09b9f5e,Alícia Freitas
04eafe13-a0de-43af-9bec-a1beda7a461f,28109534732,Augusto Teixeira,1965-08-29,M,2024-12-13,Cardiologia,E11,Diabetes mellitus tipo 2,8ab61bd6-bc97-456b-885d-7e6c3d26a368,Ester Carvalho
4563a67a-a947-491a-a2bd-3a9178024f13,21457960885,Nicolas Pereira,1974-07-05,M,2024-08-23,Endocrinologia,Z00,Consulta de rotina,53e4503c-ce3f-4c36-911b-0819cd4ce6a2,Lucas Lima
561fc218-fed4-4a3a-be30-ba559da60886,21457960885,Nicolas Pereira,1974-07-05,M,2024-11-16,Endocrinologia,Z00,Consulta de rotina,c97b2b9a-1e5d-4318-a715-94ea27f03edf,Luna Melo
451d688e-96a3-4dc7-92be-ef3971554984,05824316970,Dr. João Miguel da Paz,1955-02-17,M,2024-11-28,Endocrinologia,E11,Diabetes mellitus tipo 2,3d60c462-ce2d-4ac1-ab14-0765b867c570,Anthony Sousa
cf452d35-924e-4e50-9503-a5db67b5b8ae,05824316970,Dr. João Miguel da Paz,1955-02-17,M,2024-10-30,Nutrologia,E66,Obesidade,635e7849-c05c-448f-902a-5930d433e303,Dra. Stella Farias
a031c05f-f4ed-49fd-ad48-6309f4307e62,26781935003,Lavínia Borges,1960-12-08,F,2023-11-25,Cardiologia,Z00,Consulta de rotina,5df79933-d5a6-40f0-96e9-74131b3028bd,Dr. Lucas Gabriel da Rosa
a6f6c6e6-f4a8-4941-9e50-f09e1aa9fe52,26781935003,Lavínia Borges,1960-12-08,F,2024-10-29,Endocrinologia,Z00,Consulta de rotina,3d60c462-ce2d-4ac1-ab14-0765b867c570,Anthony Sousa
35079491-d2e5-42c8-a581-215081318285,26781935003,Lavínia Borges,1960-12-08,F,2024-03-03,Endocrinologia,Z00,Consulta de rotina,ff76edaa-fdba-4334-92ff-2cc005639054,Luigi Dias
3e2ea6f3-52ed-412d-9a0f-ce783714c0f7,26781935003,Lavínia Borges,1960-12-08,F,2024-05-22,Endocrinologia,Z00,Consulta de rotina,635e7849-c05c-448f-902a-5930d433e303,Dra. Stella Farias
6cbaa1fa-532d-47ca-a928-7e82d912041d,45826039124,Vitória Pinto,1953-08-28,F,2023-10-19,Nutrologia,E11,Diabetes mellitus tipo 2,b43f7643-acd6-4f86-84b2-f2681f935fe8,Mateus Souza
3ef688c7-a666-4964-a512-e9fbb005f106,45826039124,Vitória Pinto,1953-08-28,F,2024-05-31,Nutrologia,E11,Diabetes mellitus tipo 2,ff76edaa-fdba-4334-92ff-2cc005639054,Luigi Dias
83973bb4-c058-4f8f-a6cd-8680063a46d2,45826039124,Vitória Pinto,1953-08-28,F,2024-04-14,Cardiologia,E66,Obesidade,ff76edaa-fdba-4334-92ff-2cc005639054,Luigi Dias
498e6638-17f3-4992-a601-c45448d375c6,06935148766,Dra. Emanuelly Campos,1965-09-02,F,2024-11-21,Endocrinologia,E11,Diabetes mellitus tipo 2,53e4503c-ce3f-4c36-911b-0819cd4ce6a2,Lucas Lima
cf7cc965-8159-475d-a534-3ea58180a288,06935148766,Dra. Emanuelly Campos,1965-09-02,F,2024-06-11,Cardiologia,E66,Obesidade,635e7849-c05c-448f-902a-5930d433e303,Dra. Stella Farias
45dc31a3-ba81-4208-8905-525ea36a4f8c,94531806700,Théo da Luz,1964-05-04,M,2023-07-09,Endocrinologia,Z00,Consulta de rotina,3d60c462-ce2d-4ac1-ab14-0765b867c570,Anthony Sousa
204fc5ef-978c-4b8f-92a3-cbcec15f2c2a,58160743939,Davi Luiz Pinto,1997-04-16,M,2023-01-07,Cardiologia,Z00,Consulta de rotina,8d98d556-575a-4577-8df8-0556a5b1f054,Mateus da Rocha
edbf3c33-b974-4014-a28e-1108235259b2,58160743939,Davi Luiz Pinto,1997-04-16,M,2024-04-02,Cardiologia,Z00,Consulta de rotina,8d98d556-575a-4577-8df8-0556a5b1f054,Mateus da Rocha
8111b4e3-64ae-46fd-a3c0-fbd8ef731f00,58160743939,Davi Luiz Pinto,1997-04-16,M,2024-08-19,Clinica Geral,Z00,Consulta de rotina,5df79933-d5a6-40f0-96e9-74131b3028bd,Dr. Lucas Gabriel da Rosa
14db191d-881d-45f0-83ee-0bd93df37233,58160743939,Davi Luiz Pinto,1997-04-16,M,2024-12-10,Endocrinologia,Z00,Consulta de rotina,b43f7643-acd6-4f86-84b2-f2681f935fe8,Mateus Souza
e59a76ff-caa7-4936-8273-a4724ff41ffa,93014576280,Isabela Aparecida,1997-12-06,F,2023-11-11,Endocrinologia,Z00,Consulta de rotina,a2819a78-2c03-4911-8b5f-9610e09b9f5e,Alícia Freitas
2b250340-a2e8-4e2f-aa63-e472eb15d0b7,89703256112,Lunna Vargas,1974-03-12,F,2024-10-16,Cardiologia,E66,Obesidade,3d60c462-ce2d-4ac1-ab14-0765b867c570,Anthony Sousa
852c69b9-500d-4db7-bbb2-1ff625458015,89703256112,Lunna Vargas,1974-03-12,F,2023-06-06,Nutrologia,E66,Obesidade,a2819a78-2c03-4911-8b5f-9610e09b9f5e,Alícia Freitas
fcfe433f-4514-4f91-8e41-49c135d45c59,89703256112,Lunna Vargas,1974-03-12,F,2024-04-27,Endocrinologia,E11,Diabetes mellitus tipo 2,8ab61bd6-bc97-456b-885d-7e6c3d26a368,Ester Carvalho
f3831431-6230-4d7d-86f0-ecbc42adf37d,89703256112,Lunna Vargas,1974-03-12,F,2024-04-02,Cardiologia,E66,Obesidade,8ab61bd6-bc97-456b-885d-7e6c3d26a368,Ester Carvalho
d403ce0e-b848-4a57-bf31-9a8118dd5e64,75361920452,Nicole Aparecida,1989-03-24,F,2024-07-14,Endocrinologia,Z00,Consulta de rotina,c97b2b9a-1e5d-4318-a715-94ea27f03edf,Luna Melo
38fc0812-acaf-426d-903c-0a35aea8c73a,98615307202,Pedro Borges,1966-01-03,M,2024-11-27,Endocrinologia,E66,Obesidade,3d60c462-ce2d-4ac1-ab14-0765b867c570,Anthony Sousa
b9f779d1-11fe-49af-8e13-8ec40b2f96d7,98615307202,Pedro Borges,1966-01-03,M,2024-06-06,Nutrologia,E66,Obesidade,3d60c462-ce2d-4ac1-ab14-0765b867c570,Anthony Sousa
932e4354-087e-4223-bb32-556a78ed922a,26830791413,Juan Martins,1986-06-09,M,2024-07-31,Clinica Geral,E66,Obesidade,a2819a78-2c03-4911-8b5f-9610e09b9f5e,Alícia Freitas
332fcd7d-75cc-48b5-8cd3-ff4321fe6bcf,29106587402,Theo Jesus,1974-12-04,M,2024-02-10,Cardiologia,Z00,Consulta de rotina,c97b2b9a-1e5d-4318-a715-94ea27f03edf,Luna Melo
a5304152-73e6-4581-95d4-24ebdd61924a,29106587402,Theo Jesus,1974-12-04,M,2024-08-15,Clinica Geral,Z00,Consulta de rotina,8d98d556-575a-4577-8df8-0556a5b1f054,Mateus da Rocha
ce2ea3e2-87e2-4db3-a984-f623a0603de8,29106587402,Theo Jesus,1974-12-04,M,2023-12-19,Clinica Geral,Z00,Consulta de rotina,635e7849-c05c-448f-902a-5930d433e303,Dra. Stella Farias
d60e1598-e297-499b-aa5e-3bd2d68767e3,29106587402,Theo Jesus,1974-12-04,M,2024-04-28,Clinica Geral,Z00,Consulta de rotina,3d60c462-ce2d-4ac1-ab14-0765b867c570,Anthony Sousa
f552a7fd-61d2-439a-9314-2a3ed572866a,95064871384,Lívia Oliveira,1952-05-28,F,2024-01-27,Nutrologia,E11,Diabetes mellitus tipo 2,b43f7643-acd6-4f86-84b2-f2681f935fe8,Mateus Souza
1cd07389-3d80-4d40-93f3-53f958a723f6,95064871384,Lívia Oliveira,1952-05-28,F,2024-11-30,Endocrinologia,Z00,Consulta de rotina,3d60c462-ce2d-4ac1-ab14-0765b867c570,Anthony Sousa
54dbbf1b-c169-4694-88c6-dc3c68565bad,95064871384,Lívia Oliveira,1952-05-28,F,2024-02-07,Endocrinologia,E66,Obesidade,8ab61bd6-bc97-456b-885d-7e6c3d26a368,Ester Carvalho
f9791a6f-855d-40ab-aa21-4402434c4db8,13596827400,Bernardo Casa Grande,1990-02-13,M,2023-11-02,Nutrologia,Z00,Consulta de rotina,c97b2b9a-1e5d-4318-a715-94ea27f03edf,Luna Melo
9b11b812-409c-41bf-ade8-779c44cd94e7,13596827400,Bernardo Casa Grande,1990-02-13,M,2024-01-24,Endocrinologia,Z00,Consulta de rotina,8ab61bd6-bc97-456b-885d-7e6c3d26a368,Ester Carvalho
44d80ff3-5f6e-4f93-b20c-0cccf38430cf,53690718457,Heloisa Porto,1977-01-13,F,2023-06-08,Cardiologia,Z00,Consulta de rotina,b43f7643-acd6-4f86-84b2-f2681f935fe8,Mateus Souza
bebf8e55-ba4c-4ab1-bd2d-f333bc68211e,53690718457,Heloisa Porto,1977-01-13,F,2023-02-02,Nutrologia,Z00,Consulta de rotina,3d60c462-ce2d-4ac1-ab14-0765b867c570,Anthony Sousa
4bb45e9e-9ece-4759-819e-24c554e3b450,97618543020,Oliver Cirino,1963-10-24,M,2024-09-04,Clinica Geral,E66,Obesidade,a2819a78-2c03-4911-8b5f-9610e09b9f5e,Alícia Freitas
c62e6f4a-3ecb-4eab-9326-b3264e4b6399,45783629146,Daniel Jesus,1993-04-04,M,2023-08-11,Clinica Geral,E66,Obesidade,8ab61bd6-bc97-456b-885d-7e6c3d26a368,Ester Carvalho
b0cc08d4-d1cb-4813-b8c2-bcfb0cc88587,45783629146,Daniel Jesus,1993-04-04,M,2023-11-23,Cardiologia,E66,Obesidade,53e4503c-ce3f-4c36-911b-0819cd4ce6a2,Lucas Lima
abafa0c6-8a57-4472-be22-6200f7b29faa,10589463233,Vitor Macedo,1968-01-08,M,2023-08-15,Nutrologia,R73,Glicemia elevada / Pre-diabetes,8ab61bd6-bc97-456b-885d-7e6c3d26a368,Ester Carvalho
3dd6d00b-ceff-4c24-b7df-720e33cacdd5,10589463233,Vitor Macedo,1968-01-08,M,2024-08-28,Endocrinologia,R73,Glicemia elevada / Pre-diabetes,8ab61bd6-bc97-456b-885d-7e6c3d26a368,Ester Carvalho
f8fbbdc9-1a9b-4f20-9f8c-0d01dd8cbe3f,07438529150,Sr. Fernando Cavalcanti,1999-07-09,M,2023-12-19,Nutrologia,Z00,Consulta de rotina,c97b2b9a-1e5d-4318-a715-94ea27f03edf,Luna Melo
21409071-8ae1-4da5-8ea4-e3dd003906f3,07438529150,Sr. Fernando Cavalcanti,1999-07-09,M,2024-02-23,Endocrinologia,Z00,Consulta de rotina,635e7849-c05c-448f-902a-5930d433e303,Dra. Stella Farias
5dce273d-c508-4434-ae60-054ce2fe0149,07438529150,Sr. Fernando Cavalcanti,1999-07-09,M,2023-07-08,Nutrologia,Z00,Consulta de rotina,635e7849-c05c-448f-902a-5930d433e303,Dra. Stella Farias
4a409a62-56a4-4b47-822d-ef6aaa8c6e62,07438529150,Sr. Fernando Cavalcanti,1999-07-09,M,2024-12-25,Endocrinologia,R73,Glicemia elevada / Pre-diabetes,5df79933-d5a6-40f0-96e9-74131b3028bd,Dr. Lucas Gabriel da Rosa
e38db7f1-979d-41dd-adf5-260c734224e6,23519687437,Renan Souza,1971-12-04,M,2024-07-24,Endocrinologia,Z00,Consulta de rotina,635e7849-c05c-448f-902a-5930d433e303,Dra. Stella Farias
fb4f1ae4-b69d-40d0-9fd9-cca77aec671a,23519687437,Renan Souza,1971-12-04,M,2023-12-05,Clinica Geral,R73,Glicemia elevada / Pre-diabetes,8d98d556-575a-4577-8df8-0556a5b1f054,Mateus da Rocha
2aaafbf8-b570-4183-b942-285c994d8a46,23519687437,Renan Souza,1971-12-04,M,2024-07-02,Endocrinologia,Z00,Consulta de rotina,3d60c462-ce2d-4ac1-ab14-0765b867c570,Anthony Sousa
041d4e87-69d3-46ce-ac65-ffa9642e61a5,23519687437,Renan Souza,1971-12-04,M,2024-01-22,Clinica Geral,Z00,Consulta de rotina,5df79933-d5a6-40f0-96e9-74131b3028bd,Dr. Lucas Gabriel da Rosa
057174f8-5c6d-41fe-9708-eae7c8732c3d,48731629555,Sr. Luiz Henrique Cavalcante,1986-12-02,M,2024-11-18,Endocrinologia,Z00,Consulta de rotina,53e4503c-ce3f-4c36-911b-0819cd4ce6a2,Lucas Lima
128dea61-2b79-4749-83c3-9a047e331569,76845092176,Josué Silveira,1996-04-27,M,2023-01-16,Endocrinologia,E11,Diabetes mellitus tipo 2,5df79933-d5a6-40f0-96e9-74131b3028bd,Dr. Lucas Gabriel da Rosa
c6676ce9-9f4e-4b8e-bcbc-978ac29449bc,76845092176,Josué Silveira,1996-04-27,M,2024-05-05,Endocrinologia,Z00,Consulta de rotina,3d60c462-ce2d-4ac1-ab14-0765b867c570,Anthony Sousa
cc0c246b-3a83-477e-9117-ffd3cc71e463,76845092176,Josué Silveira,1996-04-27,M,2023-09-03,Cardiologia,E11,Diabetes mellitus tipo 2,635e7849-c05c-448f-902a-5930d433e303,Dra. Stella Farias
7d2fa4a4-3615-4e2f-8ec0-a9cb45d3cb24,76845092176,Josué Silveira,1996-04-27,M,2024-06-30,Cardiologia,Z00,Consulta de rotina,a2819a78-2c03-4911-8b5f-9610e09b9f5e,Alícia Freitas
a0286398-2ca3-4ff8-b789-ef7fa3cfb412,31785209612,Daniel Costa,1981-11-11,M,2023-04-11,Nutrologia,E66,Obesidade,a2819a78-2c03-4911-8b5f-9610e09b9f5e,Alícia Freitas
daeca6db-408c-41e0-9943-9939985f51bd,31785209612,Daniel Costa,1981-11-11,M,2023-11-17,Nutrologia,E66,Obesidade,b43f7643-acd6-4f86-84b2-f2681f935fe8,Mateus Souza
c62e8dfc-2837-462d-91cf-d40b094b5c64,31785209612,Daniel Costa,1981-11-11,M,2023-09-25,Nutrologia,E66,Obesidade,c97b2b9a-1e5d-4318-a715-94ea27f03edf,Luna Melo
fe7176ef-ccf5-4c4a-934a-56cd9068919d,86731049557,Henry Fonseca,1977-08-03,M,2023-09-09,Nutrologia,E11,Diabetes mellitus tipo 2,53e4503c-ce3f-4c36-911b-0819cd4ce6a2,Lucas Lima
bd068260-2dc6-451d-8880-1e9669a31e7a,86731049557,Henry Fonseca,1977-08-03,M,2024-05-15,Nutrologia,E66,Obesidade,5df79933-d5a6-40f0-96e9-74131b3028bd,Dr. Lucas Gabriel da Rosa
65b4289a-0ce5-4227-b897-2755369ec827,86731049557,Henry Fonseca,1977-08-03,M,2023-05-24,Nutrologia,E66,Obesidade,ff76edaa-fdba-4334-92ff-2cc005639054,Luigi Dias
756e096a-6073-469c-bcbf-93fcf36e8075,37265819012,Dra. Nina Porto,1968-09-09,F,2023-02-04,Clinica Geral,Z00,Consulta de rotina,8ab61bd6-bc97-456b-885d-7e6c3d26a368,Ester Carvalho
55129958-b374-487d-bb61-53e223e728f3,37265819012,Dra. Nina Porto,1968-09-09,F,2024-02-27,Endocrinologia,Z00,Consulta de rotina,c97b2b9a-1e5d-4318-a715-94ea27f03edf,Luna Melo
9a0f82d3-5302-4c67-9ec6-7c2d3598f3b5,20876549300,Alexandre Oliveira,1988-10-18,M,2023-08-12,Nutrologia,R73,Glicemia elevada / Pre-diabetes,c97b2b9a-1e5d-4318-a715-94ea27f03edf,Luna Melo
6d3a17ac-7724-47ab-bca9-3a9f154b1bf4,20876549300,Alexandre Oliveira,1988-10-18,M,2023-01-17,Clinica Geral,R73,Glicemia elevada / Pre-diabetes,a2819a78-2c03-4911-8b5f-9610e09b9f5e,Alícia Freitas
e824034f-dfa9-41bc-88f3-d61012e5d16e,43697082574,Clarice Viana,1987-02-12,F,2024-06-26,Cardiologia,Z00,Consulta de rotina,c97b2b9a-1e5d-4318-a715-94ea27f03edf,Luna Melo
1abda853-94a5-4b32-9da6-1a6117bea91e,43697082574,Clarice Viana,1987-02-12,F,2024-05-29,Nutrologia,Z00,Consulta de rotina,c97b2b9a-1e5d-4318-a715-94ea27f03edf,Luna Melo
43aaee5a-4b3b-45c9-9d82-0de9109da17a,43697082574,Clarice Viana,1987-02-12,F,2023-04-09,Endocrinologia,Z00,Consulta de rotina,3d60c462-ce2d-4ac1-ab14-0765b867c570,Anthony Sousa
d5d98380-cdf2-4033-890e-0ba12d738605,43697082574,Clarice Viana,1987-02-12,F,2023-10-01,Nutrologia,R73,Glicemia elevada / Pre-diabetes,b43f7643-acd6-4f86-84b2-f2681f935fe8,Mateus Souza
fa8e4b31-0b72-467e-827c-f9b273616cd8,15683207444,Srta. Juliana Ferreira,1962-07-19,F,2023-11-04,Clinica Geral,E66,Obesidade,8d98d556-575a-4577-8df8-0556a5b1f054,Mateus da Rocha
864fb19b-071a-4e2f-b25e-d5add50fc725,65043972106,Kevin Moura,1970-08-22,M,2024-07-19,Nutrologia,R73,Glicemia elevada / Pre-diabetes,635e7849-c05c-448f-902a-5930d433e303,Dra. Stella Farias
55c9e425-ad92-4c1e-9cb8-27165c6ab3bd,62598473191,Ana Julia Mendonça,1956-04-11,F,2023-03-26,Nutrologia,Z00,Consulta de rotina,ff76edaa-fdba-4334-92ff-2cc005639054,Luigi Dias
0aa349a3-8f5d-4391-9065-03e4390ec506,07935148600,Emanuella Mendes,1962-11-07,F,2023-02-13,Endocrinologia,E66,Obesidade,8ab61bd6-bc97-456b-885d-7e6c3d26a368,Ester Carvalho
7a07956a-2f6b-408e-82bf-d4a505adb5f6,07935148600,Emanuella Mendes,1962-11-07,F,2023-02-17,Clinica Geral,E66,Obesidade,5df79933-d5a6-40f0-96e9-74131b3028bd,Dr. Lucas Gabriel da Rosa
10c13566-d4ac-4e4f-bbb0-fe68413b7da9,07935148600,Emanuella Mendes,1962-11-07,F,2023-11-19,Clinica Geral,E66,Obesidade,ff76edaa-fdba-4334-92ff-2cc005639054,Luigi Dias
4b958230-13a0-4683-99af-d3b305d13781,07935148600,Emanuella Mendes,1962-11-07,F,2023-11-03,Endocrinologia,E11,Diabetes mellitus tipo 2,3d60c462-ce2d-4ac1-ab14-0765b867c570,Anthony Sousa
6cfe030c-d687-4b9a-834f-8d6e45e4b7ac,80967542383,Otto Vasconcelos,1976-07-15,M,2023-05-24,Clinica Geral,E66,Obesidade,635e7849-c05c-448f-902a-5930d433e303,Dra. Stella Farias
3677bf71-e3ae-4a57-955a-0ac53187e430,80967542383,Otto Vasconcelos,1976-07-15,M,2023-04-11,Nutrologia,E66,Obesidade,c97b2b9a-1e5d-4318-a715-94ea27f03edf,Luna Melo
713cbe3f-e3f9-482f-ab5d-51f88ab4c5ef,53241860744,Nicolas Fogaça,1971-12-08,M,2024-09-20,Nutrologia,E66,Obesidade,53e4503c-ce3f-4c36-911b-0819cd4ce6a2,Lucas Lima
cf672b57-7e5a-4fc8-b486-008c21309803,53241860744,Nicolas Fogaça,1971-12-08,M,2024-05-17,Endocrinologia,E11,Diabetes mellitus tipo 2,a2819a78-2c03-4911-8b5f-9610e09b9f5e,Alícia Freitas
04f101c6-f4e0-4d57-af65-a6680d537d92,53986201424,Bento da Paz,1964-04-05,M,2023-07-10,Nutrologia,Z00,Consulta de rotina,635e7849-c05c-448f-902a-5930d433e303,Dra. Stella Farias
eaa36c79-69bb-4579-9866-4521e5f33e6c,53986201424,Bento da Paz,1964-04-05,M,2024-12-31,Clinica Geral,R73,Glicemia elevada / Pre-diabetes,8d98d556-575a-4577-8df8-0556a5b1f054,Mateus da Rocha
9a11029e-520a-48e2-92a4-b1db8857e4e3,53986201424,Bento da Paz,1964-04-05,M,2024-12-29,Endocrinologia,R73,Glicemia elevada / Pre-diabetes,635e7849-c05c-448f-902a-5930d433e303,Dra. Stella Farias
1a5b0efb-2e68-4cbc-8fb5-37ca5030c36a,21734085690,Ana Lívia Correia,1969-06-11,F,2023-01-06,Cardiologia,R73,Glicemia elevada / Pre-diabetes,3d60c462-ce2d-4ac1-ab14-0765b867c570,Anthony Sousa
89e3e0f3-62ae-4d76-a583-2f1bd090cc14,21734085690,Ana Lívia Correia,1969-06-11,F,2023-05-16,Clinica Geral,R73,Glicemia elevada / Pre-diabetes,3d60c462-ce2d-4ac1-ab14-0765b867c570,Anthony Sousa
f8a67eb5-d6f1-4f60-8b33-8f36da767a13,21734085690,Ana Lívia Correia,1969-06-11,F,2024-04-04,Nutrologia,Z00,Consulta de rotina,635e7849-c05c-448f-902a-5930d433e303,Dra. Stella Farias
149f514a-f3b3-4d92-bb22-1be4b6b9c7a5,21734085690,Ana Lívia Correia,1969-06-11,F,2024-07-21,Clinica Geral,R73,Glicemia elevada / Pre-diabetes,b43f7643-acd6-4f86-84b2-f2681f935fe8,Mateus Souza
71ccd7e5-04a5-46ac-98ef-96ccbe2afdbc,01436892740,Bella Campos,1998-04-09,F,2023-10-26,Nutrologia,Z00,Consulta de rotina,c97b2b9a-1e5d-4318-a715-94ea27f03edf,Luna Melo
26ddae82-38bb-408f-873b-e8060866a93f,01436892740,Bella Campos,1998-04-09,F,2024-07-26,Endocrinologia,Z00,Consulta de rotina,3d60c462-ce2d-4ac1-ab14-0765b867c570,Anthony Sousa
8c9d94be-8e66-4cf8-a614-50eea477acdb,01436892740,Bella Campos,1998-04-09,F,2023-06-23,Endocrinologia,Z00,Consulta de rotina,635e7849-c05c-448f-902a-5930d433e303,Dra. Stella Farias
a42db88d-7ec6-4cfb-8b12-e481c9e01dae,06917483575,Francisco Rios,1995-01-12,M,2024-05-19,Endocrinologia,Z00,Consulta de rotina,5df79933-d5a6-40f0-96e9-74131b3028bd,Dr. Lucas Gabriel da Rosa
bbd9691c-79a5-4b45-bae1-fa27152917d9,06917483575,Francisco Rios,1995-01-12,M,2024-03-21,Cardiologia,Z00,Consulta de rotina,ff76edaa-fdba-4334-92ff-2cc005639054,Luigi Dias
4c9e81dd-db81-4deb-a6c8-df81edd790d7,06917483575,Francisco Rios,1995-01-12,M,2024-01-05,Cardiologia,R73,Glicemia elevada / Pre-diabetes,3d60c462-ce2d-4ac1-ab14-0765b867c570,Anthony Sousa
0cdc652e-8538-45b4-b08a-b5373e7d36c2,74532891060,Lívia Peixoto,1958-07-19,F,2023-04-20,Endocrinologia,E66,Obesidade,a2819a78-2c03-4911-8b5f-9610e09b9f5e,Alícia Freitas
bbb8308d-36ee-4d27-b0f9-63c217106ac9,74532891060,Lívia Peixoto,1958-07-19,F,2024-01-25,Cardiologia,E66,Obesidade,53e4503c-ce3f-4c36-911b-0819cd4ce6a2,Lucas Lima
08ada5bc-aaf4-4402-9aef-2be2b645be0a,83679502168,Emilly Almeida,1986-11-02,F,2024-10-28,Endocrinologia,Z00,Consulta de rotina,635e7849-c05c-448f-902a-5930d433e303,Dra. Stella Farias
19f65b72-82a9-4e54-948f-89f401f5c3f2,83679502168,Emilly Almeida,1986-11-02,F,2023-11-18,Endocrinologia,E11,Diabetes mellitus tipo 2,a2819a78-2c03-4911-8b5f-9610e09b9f5e,Alícia Freitas
830168c4-d024-4474-99ec-ee052db2e009,83679502168,Emilly Almeida,1986-11-02,F,2024-12-12,Nutrologia,Z00,Consulta de rotina,5df79933-d5a6-40f0-96e9-74131b3028bd,Dr. Lucas Gabriel da Rosa
0a12a5f0-3920-4203-b58e-dfe7c147a56d,83679502168,Emilly Almeida,1986-11-02,F,2024-01-21,Cardiologia,Z00,Consulta de rotina,b43f7643-acd6-4f86-84b2-f2681f935fe8,Mateus Souza
4669466b-68df-42af-812f-ff7e9a2cf7b5,29036714869,Dra. Isabelly da Mata,1974-07-27,F,2024-07-31,Endocrinologia,Z00,Consulta de rotina,3d60c462-ce2d-4ac1-ab14-0765b867c570,Anthony Sousa
0bd6c1b1-a804-4714-8907-0a8decab6f56,29036714869,Dra. Isabelly da Mata,1974-07-27,F,2023-01-28,Nutrologia,Z00,Consulta de rotina,8ab61bd6-bc97-456b-885d-7e6c3d26a368,Ester Carvalho
088b1fe3-6a05-4fd8-a854-667bb9489a44,29036714869,Dra. Isabelly da Mata,1974-07-27,F,2023-10-26,Clinica Geral,Z00,Consulta de rotina,a2819a78-2c03-4911-8b5f-9610e09b9f5e,Alícia Freitas
fecc60a2-70f2-4f8f-b2b4-9a8fd326d315,29036714869,Dra. Isabelly da Mata,1974-07-27,F,2023-05-23,Cardiologia,Z00,Consulta de rotina,a2819a78-2c03-4911-8b5f-9610e09b9f5e,Alícia Freitas
bad8809b-809a-4d77-8caa-a0e2fb3b8e53,41089756267,Davi Lucca Monteiro,1989-01-15,M,2024-01-22,Clinica Geral,R73,Glicemia elevada / Pre-diabetes,635e7849-c05c-448f-902a-5930d433e303,Dra. Stella Farias
d06affe9-2174-42a9-8743-b91c45b46936,41089756267,Davi Lucca Monteiro,1989-01-15,M,2024-05-05,Nutrologia,Z00,Consulta de rotina,53e4503c-ce3f-4c36-911b-0819cd4ce6a2,Lucas Lima
649511ca-893b-4876-8f66-5e6c182c6ab5,08134965784,Luana Vargas,1971-09-04,F,2024-08-31,Clinica Geral,E11,Diabetes mellitus tipo 2,8ab61bd6-bc97-456b-885d-7e6c3d26a368,Ester Carvalho
a3732fa8-b431-4707-ab80-842d75f09190,08134965784,Luana Vargas,1971-09-04,F,2024-10-24,Clinica Geral,E11,Diabetes mellitus tipo 2,ff76edaa-fdba-4334-92ff-2cc005639054,Luigi Dias
d5db0b31-87a0-4ede-98eb-1badc5aa6f56,08134965784,Luana Vargas,1971-09-04,F,2024-03-16,Clinica Geral,E66,Obesidade,b43f7643-acd6-4f86-84b2-f2681f935fe8,Mateus Souza
d31d9145-0590-4b94-bd27-0fd8b8846e71,08134965784,Luana Vargas,1971-09-04,F,2024-01-19,Nutrologia,E66,Obesidade,a2819a78-2c03-4911-8b5f-9610e09b9f5e,Alícia Freitas
4791056a-4d3f-4522-bcf4-f80243895c0e,95106283442,João Gabriel Leão,1965-11-29,M,2023-01-26,Nutrologia,Z00,Consulta de rotina,b43f7643-acd6-4f86-84b2-f2681f935fe8,Mateus Souza
b74b73de-25bb-4f52-9fde-637dbfba7da1,95106283442,João Gabriel Leão,1965-11-29,M,2023-04-29,Endocrinologia,R73,Glicemia elevada / Pre-diabetes,3d60c462-ce2d-4ac1-ab14-0765b867c570,Anthony Sousa
cb2c9fe7-c69f-46b7-b3cf-8ea30b30920f,95106283442,João Gabriel Leão,1965-11-29,M,2023-12-18,Nutrologia,Z00,Consulta de rotina,5df79933-d5a6-40f0-96e9-74131b3028bd,Dr. Lucas Gabriel da Rosa
dad17e4b-0c7c-4316-b32d-3c7660305806,95106283442,João Gabriel Leão,1965-11-29,M,2024-05-09,Cardiologia,Z00,Consulta de rotina,8ab61bd6-bc97-456b-885d-7e6c3d26a368,Ester Carvalho
43e7c407-6b7d-4aa2-b062-88c0fccd9236,91453086242,Theo Ramos,1985-06-10,M,2023-03-10,Cardiologia,E66,Obesidade,b43f7643-acd6-4f86-84b2-f2681f935fe8,Mateus Souza
3739ef94-1591-4aab-b870-b84b805f28bf,91453086242,Theo Ramos,1985-06-10,M,2023-12-18,Clinica Geral,E66,Obesidade,c97b2b9a-1e5d-4318-a715-94ea27f03edf,Luna Melo
165da683-a178-4be1-a83f-be384351018f,91453086242,Theo Ramos,1985-06-10,M,2023-06-28,Endocrinologia,E66,Obesidade,8ab61bd6-bc97-456b-885d-7e6c3d26a368,Ester Carvalho
1e03b0d9-6fa3-461b-bf3f-416ca39209a6,91453086242,Theo Ramos,1985-06-10,M,2023-08-26,Nutrologia,E66,Obesidade,a2819a78-2c03-4911-8b5f-9610e09b9f5e,Alícia Freitas
6592acb1-664e-46ff-b34c-7e96cb742b6e,05917823677,Calebe Azevedo,1966-12-12,M,2024-02-10,Clinica Geral,Z00,Consulta de rotina,635e7849-c05c-448f-902a-5930d433e303,Dra. Stella Farias
3b2b3650-1e90-4922-a2a8-a62f70ac8207,05917823677,Calebe Azevedo,1966-12-12,M,2024-08-29,Nutrologia,Z00,Consulta de rotina,a2819a78-2c03-4911-8b5f-9610e09b9f5e,Alícia Freitas
1482feb0-e095-4a1a-8686-f7da5d85725e,32198407604,Gabrielly da Costa,1997-12-18,F,2023-10-13,Clinica Geral,R73,Glicemia elevada / Pre-diabetes,8d98d556-575a-4577-8df8-0556a5b1f054,Mateus da Rocha
1ae6ab54-12e2-452a-8519-f71b573c5b5d,32198407604,Gabrielly da Costa,1997-12-18,F,2023-11-30,Endocrinologia,E11,Diabetes mellitus tipo 2,b43f7643-acd6-4f86-84b2-f2681f935fe8,Mateus Souza
fb1c916b-5149-4832-9acc-3afdf685e93a,32198407604,Gabrielly da Costa,1997-12-18,F,2023-09-26,Nutrologia,Z00,Consulta de rotina,3d60c462-ce2d-4ac1-ab14-0765b867c570,Anthony Sousa
c67a9552-0a96-450f-8164-93f327dfd587,32198407604,Gabrielly da Costa,1997-12-18,F,2024-02-02,Nutrologia,Z00,Consulta de rotina,53e4503c-ce3f-4c36-911b-0819cd4ce6a2,Lucas Lima
8b4aab43-f21c-4f82-a8d4-6895d89b423f,79316528437,Liam da Luz,1962-04-06,M,2024-04-13,Endocrinologia,Z00,Consulta de rotina,b43f7643-acd6-4f86-84b2-f2681f935fe8,Mateus Souza
7bf3d6a9-3878-44de-83c3-2daabcd4b67b,83410527680,Ana Liz Cunha,1990-05-25,F,2023-11-17,Clinica Geral,Z00,Consulta de rotina,ff76edaa-fdba-4334-92ff-2cc005639054,Luigi Dias
b04f44eb-332c-423c-8b84-615493607d1e,83410527680,Ana Liz Cunha,1990-05-25,F,2023-04-30,Endocrinologia,Z00,Consulta de rotina,5df79933-d5a6-40f0-96e9-74131b3028bd,Dr. Lucas Gabriel da Rosa
95799690-4080-4f7a-b843-07f6a6248c01,83410527680,Ana Liz Cunha,1990-05-25,F,2024-06-07,Nutrologia,Z00,Consulta de rotina,ff76edaa-fdba-4334-92ff-2cc005639054,Luigi Dias
c6d9a5dc-aed9-4544-acee-3dda99bcb06d,42153786053,Sabrina Dias,1964-06-13,F,2024-01-28,Nutrologia,Z00,Consulta de rotina,53e4503c-ce3f-4c36-911b-0819cd4ce6a2,Lucas Lima
29707f9b-41a7-4197-a57a-32bf7dfa309d,42153786053,Sabrina Dias,1964-06-13,F,2024-10-12,Endocrinologia,Z00,Consulta de rotina,a2819a78-2c03-4911-8b5f-9610e09b9f5e,Alícia Freitas
b229d38f-5bc5-40b4-bd46-ea75f0c86eba,42153786053,Sabrina Dias,1964-06-13,F,2023-10-23,Endocrinologia,Z00,Consulta de rotina,a2819a78-2c03-4911-8b5f-9610e09b9f5e,Alícia Freitas
0dadf3d9-2b31-409e-8c73-3513232b7029,42153786053,Sabrina Dias,1964-06-13,F,2024-04-06,Clinica Geral,Z00,Consulta de rotina,b43f7643-acd6-4f86-84b2-f2681f935fe8,Mateus Souza
f7592052-2b01-4667-9f24-ce5f57ce3e9f,40386172544,Alexia Peixoto,1965-06-24,F,2023-07-19,Nutrologia,Z00,Consulta de rotina,ff76edaa-fdba-4334-92ff-2cc005639054,Luigi Dias
f54f08ce-540f-4c77-bdba-823a4e6f9915,40386172544,Alexia Peixoto,1965-06-24,F,2024-12-02,Nutrologia,Z00,Consulta de rotina,635e7849-c05c-448f-902a-5930d433e303,Dra. Stella Farias
7547a238-e909-4400-89cd-d78d99de5e0e,40386172544,Alexia Peixoto,1965-06-24,F,2024-05-15,Endocrinologia,Z00,Consulta de rotina,a2819a78-2c03-4911-8b5f-9610e09b9f5e,Alícia Freitas
3357c3ad-d460-4afa-82c4-7197a4004fda,75136042907,Gabriel Castro,1975-05-19,M,2023-02-03,Cardiologia,E66,Obesidade,5df79933-d5a6-40f0-96e9-74131b3028bd,Dr. Lucas Gabriel da Rosa
54d31d67-6891-462c-96f4-77c2207147a1,41873069278,Emanuella Farias,1990-07-28,F,2024-04-13,Nutrologia,Z00,Consulta de rotina,ff76edaa-fdba-4334-92ff-2cc005639054,Luigi Dias
ec41a646-a00b-4c5a-955d-dc9515dc782f,41873069278,Emanuella Farias,1990-07-28,F,2023-04-27,Cardiologia,Z00,Consulta de rotina,53e4503c-ce3f-4c36-911b-0819cd4ce6a2,Lucas Lima
a658bd6d-222d-45b7-bab9-d50c6ed81839,79430185675,Noah Costela,1974-01-25,M,2023-08-12,Nutrologia,E11,Diabetes mellitus tipo 2,8ab61bd6-bc97-456b-885d-7e6c3d26a368,Ester Carvalho
7f330a73-a74b-4773-ad1d-ce783d0bdc25,79430185675,Noah Costela,1974-01-25,M,2023-02-03,Nutrologia,E66,Obesidade,5df79933-d5a6-40f0-96e9-74131b3028bd,Dr. Lucas Gabriel da Rosa
73b80a2e-981c-49ec-9140-6ab1838862a1,79430185675,Noah Costela,1974-01-25,M,2023-05-01,Endocrinologia,E66,Obesidade,a2819a78-2c03-4911-8b5f-9610e09b9f5e,Alícia Freitas
252d9ccc-e3b3-4c00-8cf2-175b2fd5ef6e,83590164298,Ana Liz Sampaio,1989-05-22,F,2024-10-09,Nutrologia,E66,Obesidade,53e4503c-ce3f-4c36-911b-0819cd4ce6a2,Lucas Lima
97b3addb-7789-4637-83ce-59fb8b34e32d,83590164298,Ana Liz Sampaio,1989-05-22,F,2023-03-02,Cardiologia,E66,Obesidade,8d98d556-575a-4577-8df8-0556a5b1f054,Mateus da Rocha
3535099c-b461-440c-878b-fcfb3644f9f8,38270945188,Sra. Gabriela Macedo,1969-08-21,F,2024-08-09,Cardiologia,R73,Glicemia elevada / Pre-diabetes,5df79933-d5a6-40f0-96e9-74131b3028bd,Dr. Lucas Gabriel da Rosa
79662503-c5e5-4d6f-95c9-c1adc8e5a2a6,38270945188,Sra. Gabriela Macedo,1969-08-21,F,2024-02-26,Clinica Geral,E11,Diabetes mellitus tipo 2,ff76edaa-fdba-4334-92ff-2cc005639054,Luigi Dias
0be0cf06-d2b1-41fa-93f4-4f25d4c1a95b,38270945188,Sra. Gabriela Macedo,1969-08-21,F,2023-09-13,Endocrinologia,Z00,Consulta de rotina,ff76edaa-fdba-4334-92ff-2cc005639054,Luigi Dias
b08e082f-3853-4890-bb97-eec626ee37d1,51206943734,Marcela Mendes,1981-05-03,F,2024-05-16,Endocrinologia,Z00,Consulta de rotina,635e7849-c05c-448f-902a-5930d433e303,Dra. Stella Farias
b6e07e69-5a16-4b2f-80ab-439d37bfc7f2,51206943734,Marcela Mendes,1981-05-03,F,2024-01-20,Nutrologia,Z00,Consulta de rotina,635e7849-c05c-448f-902a-5930d433e303,Dra. Stella Farias
49e9c2f0-e359-4e70-a3b4-b37936924b48,51206943734,Marcela Mendes,1981-05-03,F,2024-06-11,Cardiologia,R73,Glicemia elevada / Pre-diabetes,635e7849-c05c-448f-902a-5930d433e303,Dra. Stella Farias
bf24aca7-3e40-45b0-a2f5-3fceb91c5c52,50673421961,Srta. Brenda Novais,1995-03-16,F,2023-12-02,Clinica Geral,Z00,Consulta de rotina,a2819a78-2c03-4911-8b5f-9610e09b9f5e,Alícia Freitas
ad3503b8-b146-48c7-8a41-fd6ace3935ce,50673421961,Srta. Brenda Novais,1995-03-16,F,2024-10-12,Cardiologia,Z00,Consulta de rotina,a2819a78-2c03-4911-8b5f-9610e09b9f5e,Alícia Freitas
be6054b4-cf61-4310-add2-21e2f0ff9b54,50673421961,Srta. Brenda Novais,1995-03-16,F,2024-03-15,Endocrinologia,Z00,Consulta de rotina,8d98d556-575a-4577-8df8-0556a5b1f054,Mateus da Rocha
e1a0c3a3-9ac8-4bec-abdc-ac5c261fdde4,69380147287,João Vitor Viana,1976-11-29,M,2024-08-14,Endocrinologia,E66,Obesidade,8ab61bd6-bc97-456b-885d-7e6c3d26a368,Ester Carvalho
a130e672-b358-4bfb-8c93-b4327f83e9e1,69380147287,João Vitor Viana,1976-11-29,M,2023-02-17,Clinica Geral,E11,Diabetes mellitus tipo 2,c97b2b9a-1e5d-4318-a715-94ea27f03edf,Luna Melo
e980aea2-d036-436a-827f-39a4d591762b,69380147287,João Vitor Viana,1976-11-29,M,2023-06-11,Nutrologia,E66,Obesidade,3d60c462-ce2d-4ac1-ab14-0765b867c570,Anthony Sousa
68145c45-f8b9-45c9-ab89-d417da77a2ff,69380147287,João Vitor Viana,1976-11-29,M,2024-12-06,Endocrinologia,E66,Obesidade,8d98d556-575a-4577-8df8-0556a5b1f054,Mateus da Rocha
37c1d8f0-af1e-4b23-93fc-341b7a3dc047,91206857340,Francisco Silveira,1963-04-12,M,2023-04-06,Cardiologia,Z00,Consulta de rotina,5df79933-d5a6-40f0-96e9-74131b3028bd,Dr. Lucas Gabriel da Rosa
eddc65ba-17f2-403c-8e34-638a792b6365,91206857340,Francisco Silveira,1963-04-12,M,2024-01-16,Endocrinologia,Z00,Consulta de rotina,3d60c462-ce2d-4ac1-ab14-0765b867c570,Anthony Sousa
14624f5a-6c13-41b6-884e-5cc35e0ee57e,91206857340,Francisco Silveira,1963-04-12,M,2024-10-02,Cardiologia,Z00,Consulta de rotina,635e7849-c05c-448f-902a-5930d433e303,Dra. Stella Farias
75d01b13-1b10-45e6-ada7-cb80f5748d1c,25047698300,Dr. Davi Miguel Fonseca,2000-10-01,M,2023-01-02,Endocrinologia,R73,Glicemia elevada / Pre-diabetes,3d60c462-ce2d-4ac1-ab14-0765b867c570,Anthony Sousa
14cb0ddb-e2b2-4b45-a4f6-290e2e71d899,25047698300,Dr. Davi Miguel Fonseca,2000-10-01,M,2023-08-20,Nutrologia,E11,Diabetes mellitus tipo 2,53e4503c-ce3f-4c36-911b-0819cd4ce6a2,Lucas Lima
7c8587c5-6e82-4d66-ac19-a3bd03fc3f36,36741820507,Arthur Miguel da Luz,2000-08-21,M,2024-12-11,Endocrinologia,E66,Obesidade,635e7849-c05c-448f-902a-5930d433e303,Dra. Stella Farias
e08cc38f-4971-48b1-94f4-7bfab41f55f5,80594261767,Luan Silva,1958-02-09,M,2023-11-17,Cardiologia,E66,Obesidade,3d60c462-ce2d-4ac1-ab14-0765b867c570,Anthony Sousa
6d2f3d3b-4971-4113-b9d9-899a1564b154,80594261767,Luan Silva,1958-02-09,M,2023-03-12,Clinica Geral,E11,Diabetes mellitus tipo 2,ff76edaa-fdba-4334-92ff-2cc005639054,Luigi Dias
a088a881-0aaa-43b0-9974-8a8d85f5de18,80594261767,Luan Silva,1958-02-09,M,2024-10-05,Endocrinologia,E11,Diabetes mellitus tipo 2,8d98d556-575a-4577-8df8-0556a5b1f054,Mateus da Rocha
82ceaab0-8945-4e8f-be06-d9d1e7ac86d1,80594261767,Luan Silva,1958-02-09,M,2023-03-30,Clinica Geral,E11,Diabetes mellitus tipo 2,8d98d556-575a-4577-8df8-0556a5b1f054,Mateus da Rocha
a594f511-4f7a-4e7d-ab72-4a1820cd4ac7,07193682512,Dr. Miguel Correia,1975-07-10,M,2024-03-15,Cardiologia,E66,Obesidade,b43f7643-acd6-4f86-84b2-f2681f935fe8,Mateus Souza
6e715370-f0e5-436c-abe5-c6ef3232f0e2,07193682512,Dr. Miguel Correia,1975-07-10,M,2024-07-20,Cardiologia,E66,Obesidade,8d98d556-575a-4577-8df8-0556a5b1f054,Mateus da Rocha
5995f31b-ce8c-4a00-a13b-c6f992a6a2bd,10964735857,Helena Souza,1972-07-09,F,2024-06-14,Endocrinologia,E11,Diabetes mellitus tipo 2,8d98d556-575a-4577-8df8-0556a5b1f054,Mateus da Rocha
6bd44535-95ba-4c3e-8d8c-337057460d2c,60137542844,Vinícius Albuquerque,1983-08-12,M,2023-09-03,Nutrologia,Z00,Consulta de rotina,c97b2b9a-1e5d-4318-a715-94ea27f03edf,Luna Melo
9500600d-b5fe-4e63-b56f-da4b7e5234b1,60137542844,Vinícius Albuquerque,1983-08-12,M,2024-10-15,Clinica Geral,R73,Glicemia elevada / Pre-diabetes,a2819a78-2c03-4911-8b5f-9610e09b9f5e,Alícia Freitas
3998a1dc-cba3-48f1-806b-43c9ec3ba316,60137542844,Vinícius Albuquerque,1983-08-12,M,2023-11-21,Endocrinologia,Z00,Consulta de rotina,b43f7643-acd6-4f86-84b2-f2681f935fe8,Mateus Souza
5049f586-0c5b-4059-bf70-538b86100c50,60137542844,Vinícius Albuquerque,1983-08-12,M,2024-03-06,Cardiologia,Z00,Consulta de rotina,53e4503c-ce3f-4c36-911b-0819cd4ce6a2,Lucas Lima
dfc663bb-8d27-48da-9061-06fdad9c33c0,52970641801,Luiz Henrique Nogueira,1951-12-15,M,2023-01-18,Clinica Geral,Z00,Consulta de rotina,3d60c462-ce2d-4ac1-ab14-0765b867c570,Anthony Sousa
7cf8e930-4446-47f5-bac8-1330ec81f2cf,52970641801,Luiz Henrique Nogueira,1951-12-15,M,2023-08-09,Clinica Geral,Z00,Consulta de rotina,5df79933-d5a6-40f0-96e9-74131b3028bd,Dr. Lucas Gabriel da Rosa
fc6f40c0-4110-46ed-b427-f8f0e21ae06b,03417985684,Igor Guerra,1977-03-15,M,2023-10-21,Nutrologia,Z00,Consulta de rotina,8ab61bd6-bc97-456b-885d-7e6c3d26a368,Ester Carvalho
ceaf57ea-5c31-4914-b1b3-a3b078b208b4,53681409242,Sr. Lorenzo Rios,1966-04-13,M,2023-03-27,Cardiologia,E66,Obesidade,5df79933-d5a6-40f0-96e9-74131b3028bd,Dr. Lucas Gabriel da Rosa
c09711cb-4f4c-45df-97df-c2a4887d4e00,53681409242,Sr. Lorenzo Rios,1966-04-13,M,2023-12-01,Nutrologia,E66,Obesidade,8ab61bd6-bc97-456b-885d-7e6c3d26a368,Ester Carvalho
d2077bb5-a1f9-4c24-87bf-68ef92e47b03,53681409242,Sr. Lorenzo Rios,1966-04-13,M,2024-12-16,Nutrologia,E66,Obesidade,5df79933-d5a6-40f0-96e9-74131b3028bd,Dr. Lucas Gabriel da Rosa
f6376eed-30e8-45c2-83a6-a70966d58027,53681409242,Sr. Lorenzo Rios,1966-04-13,M,2023-03-30,Nutrologia,E66,Obesidade,8d98d556-575a-4577-8df8-0556a5b1f054,Mateus da Rocha
01d17556-44ad-4bbe-ac01-d0133fb176a4,97803524141,Maria Júlia Cavalcante,1983-06-21,F,2024-11-13,Endocrinologia,R73,Glicemia elevada / Pre-diabetes,5df79933-d5a6-40f0-96e9-74131b3028bd,Dr. Lucas Gabriel da Rosa
b0664494-494b-4f6b-991c-34d38b4cc6a1,18032694722,Dr. Theo Pimenta,2001-03-13,M,2024-12-19,Clinica Geral,Z00,Consulta de rotina,ff76edaa-fdba-4334-92ff-2cc005639054,Luigi Dias
760de2ef-65e5-44d3-8a4d-01e1da136dd7,74605813217,Dr. Thales da Rosa,1986-08-01,M,2024-06-19,Cardiologia,Z00,Consulta de rotina,b43f7643-acd6-4f86-84b2-f2681f935fe8,Mateus Souza
f57e97ae-aca2-453b-bfd1-55413dd8ccf0,74605813217,Dr. Thales da Rosa,1986-08-01,M,2023-05-01,Clinica Geral,R73,Glicemia elevada / Pre-diabetes,5df79933-d5a6-40f0-96e9-74131b3028bd,Dr. Lucas Gabriel da Rosa
a3336383-e8c7-454e-b558-13f18d155630,19437605270,Alexandre Machado,1955-03-23,M,2024-12-30,Clinica Geral,E66,Obesidade,5df79933-d5a6-40f0-96e9-74131b3028bd,Dr. Lucas Gabriel da Rosa
9df204c6-d6f3-4db6-b597-00e25236bd5b,19437605270,Alexandre Machado,1955-03-23,M,2024-08-03,Endocrinologia,E66,Obesidade,a2819a78-2c03-4911-8b5f-9610e09b9f5e,Alícia Freitas
c60e4903-2e1a-4b1a-ab78-d03be238a551,19437605270,Alexandre Machado,1955-03-23,M,2024-11-21,Clinica Geral,E66,Obesidade,53e4503c-ce3f-4c36-911b-0819cd4ce6a2,Lucas Lima
786acf38-956b-4882-9e2a-46a874e49397,61273850408,Vinicius Montenegro,1986-06-02,M,2023-01-13,Endocrinologia,Z00,Consulta de rotina,c97b2b9a-1e5d-4318-a715-94ea27f03edf,Luna Melo
3fb24de6-019d-4692-ad17-bb7a7615ce10,61273850408,Vinicius Montenegro,1986-06-02,M,2023-06-03,Endocrinologia,R73,Glicemia elevada / Pre-diabetes,635e7849-c05c-448f-902a-5930d433e303,Dra. Stella Farias
474e72fd-32fc-4ad6-b7c2-0d388768eaa9,79068231413,Lorena da Luz,1995-10-17,F,2023-11-26,Endocrinologia,Z00,Consulta de rotina,8d98d556-575a-4577-8df8-0556a5b1f054,Mateus da Rocha
